Site Name ,AZ3
Site Number ,123
Logger ,Integrating Light Sensor
Logger Serial Number ,6366


Scan No ,Date and Time,       Integrating Light,        ,
        ,        ,RAW VALUE ,CALIBRATED VALUE,

1,27/05/2022 , 16:45:00,22,22
2,27/05/2022 , 17:00:00,18,18
3,27/05/2022 , 17:15:00,7,7
4,27/05/2022 , 17:30:00,121,121
5,27/05/2022 , 17:45:00,4800,4800
6,27/05/2022 , 18:00:00,8201,8201
7,27/05/2022 , 18:15:00,3217,3217
8,27/05/2022 , 18:30:00,1718,1718
9,27/05/2022 , 18:45:00,2326,2326
10,27/05/2022 , 19:00:00,3302,3302
11,27/05/2022 , 19:15:00,1980,1980
12,27/05/2022 , 19:30:00,2670,2670
13,27/05/2022 , 19:45:00,1508,1508
14,27/05/2022 , 20:00:00,1500,1500
15,27/05/2022 , 20:15:00,2539,2539
16,27/05/2022 , 20:30:00,2122,2122
17,27/05/2022 , 20:45:00,2189,2189
18,27/05/2022 , 21:00:00,1485,1485
19,27/05/2022 , 21:15:00,754,754
20,27/05/2022 , 21:30:00,633,633
21,27/05/2022 , 21:45:00,531,531
22,27/05/2022 , 22:00:00,467,467
23,27/05/2022 , 22:15:00,402,402
24,27/05/2022 , 22:30:00,330,330
25,27/05/2022 , 22:45:00,237,237
26,27/05/2022 , 23:00:00,174,174
27,27/05/2022 , 23:15:00,127,127
28,27/05/2022 , 23:30:00,89,89
29,27/05/2022 , 23:45:00,58,58
30,27/05/2022 , 24:00:00,38,38
31,28/05/2022 , 00:15:00,25,25
32,28/05/2022 , 00:30:00,16,16
33,28/05/2022 , 00:45:00,10,10
34,28/05/2022 , 01:00:00,8,8
35,28/05/2022 , 01:15:00,6,6
36,28/05/2022 , 01:30:00,5,5
37,28/05/2022 , 01:45:00,4,4
38,28/05/2022 , 02:00:00,5,5
39,28/05/2022 , 02:15:00,5,5
40,28/05/2022 , 02:30:00,6,6
41,28/05/2022 , 02:45:00,8,8
42,28/05/2022 , 03:00:00,13,13
43,28/05/2022 , 03:15:00,18,18
44,28/05/2022 , 03:30:00,27,27
45,28/05/2022 , 03:45:00,40,40
46,28/05/2022 , 04:00:00,66,66
47,28/05/2022 , 04:15:00,100,100
48,28/05/2022 , 04:30:00,127,127
49,28/05/2022 , 04:45:00,188,188
50,28/05/2022 , 05:00:00,294,294
51,28/05/2022 , 05:15:00,447,447
52,28/05/2022 , 05:30:00,604,604
53,28/05/2022 , 05:45:00,675,675
54,28/05/2022 , 06:00:00,698,698
55,28/05/2022 , 06:15:00,784,784
56,28/05/2022 , 06:30:00,815,815
57,28/05/2022 , 06:45:00,897,897
58,28/05/2022 , 07:00:00,948,948
59,28/05/2022 , 07:15:00,1104,1104
60,28/05/2022 , 07:30:00,1120,1120
61,28/05/2022 , 07:45:00,2197,2197
62,28/05/2022 , 08:00:00,1383,1383
63,28/05/2022 , 08:15:00,1523,1523
64,28/05/2022 , 08:30:00,1425,1425
65,28/05/2022 , 08:45:00,2046,2046
66,28/05/2022 , 09:00:00,1939,1939
67,28/05/2022 , 09:15:00,3118,3118
68,28/05/2022 , 09:30:00,4454,4454
69,28/05/2022 , 09:45:00,2439,2439
70,28/05/2022 , 10:00:00,1845,1845
71,28/05/2022 , 10:15:00,3807,3807
72,28/05/2022 , 10:30:00,12621,12621
73,28/05/2022 , 10:45:00,5665,5665
74,28/05/2022 , 11:00:00,5284,5284
75,28/05/2022 , 11:15:00,4167,4167
76,28/05/2022 , 11:30:00,13165,13165
77,28/05/2022 , 11:45:00,13799,13799
78,28/05/2022 , 12:00:00,7196,7196
79,28/05/2022 , 12:15:00,12786,12786
80,28/05/2022 , 12:30:00,8827,8827
81,28/05/2022 , 12:45:00,8804,8804
82,28/05/2022 , 13:00:00,8901,8901
83,28/05/2022 , 13:15:00,7518,7518
84,28/05/2022 , 13:30:00,2747,2747
85,28/05/2022 , 13:45:00,14480,14480
86,28/05/2022 , 14:00:00,12183,12183
87,28/05/2022 , 14:15:00,8846,8846
88,28/05/2022 , 14:30:00,10149,10149
89,28/05/2022 , 14:45:00,8784,8784
90,28/05/2022 , 15:00:00,6925,6925
91,28/05/2022 , 15:15:00,6872,6872
92,28/05/2022 , 15:30:00,8007,8007
93,28/05/2022 , 15:45:00,10271,10271
94,28/05/2022 , 16:00:00,11336,11336
95,28/05/2022 , 16:15:00,19069,19069
96,28/05/2022 , 16:30:00,14294,14294
97,28/05/2022 , 16:45:00,14279,14279
98,28/05/2022 , 17:00:00,10799,10799
99,28/05/2022 , 17:15:00,7736,7736
100,28/05/2022 , 17:30:00,4991,4991
101,28/05/2022 , 17:45:00,6003,6003
102,28/05/2022 , 18:00:00,2965,2965
103,28/05/2022 , 18:15:00,2060,2060
104,28/05/2022 , 18:30:00,2060,2060
105,28/05/2022 , 18:45:00,2952,2952
106,28/05/2022 , 19:00:00,2553,2553
107,28/05/2022 , 19:15:00,1949,1949
108,28/05/2022 , 19:30:00,2785,2785
109,28/05/2022 , 19:45:00,1403,1403
110,28/05/2022 , 20:00:00,1761,1761
111,28/05/2022 , 20:15:00,2414,2414
112,28/05/2022 , 20:30:00,1767,1767
113,28/05/2022 , 20:45:00,801,801
114,28/05/2022 , 21:00:00,1118,1118
115,28/05/2022 , 21:15:00,537,537
116,28/05/2022 , 21:30:00,585,585
117,28/05/2022 , 21:45:00,620,620
118,28/05/2022 , 22:00:00,638,638
119,28/05/2022 , 22:15:00,347,347
120,28/05/2022 , 22:30:00,280,280
121,28/05/2022 , 22:45:00,229,229
122,28/05/2022 , 23:00:00,183,183
123,28/05/2022 , 23:15:00,131,131
124,28/05/2022 , 23:30:00,97,97
125,28/05/2022 , 23:45:00,68,68
126,28/05/2022 , 24:00:00,46,46
127,29/05/2022 , 00:15:00,29,29
128,29/05/2022 , 00:30:00,19,19
129,29/05/2022 , 00:45:00,13,13
130,29/05/2022 , 01:00:00,9,9
131,29/05/2022 , 01:15:00,7,7
132,29/05/2022 , 01:30:00,5,5
133,29/05/2022 , 01:45:00,6,6
134,29/05/2022 , 02:00:00,5,5
135,29/05/2022 , 02:15:00,6,6
136,29/05/2022 , 02:30:00,8,8
137,29/05/2022 , 02:45:00,10,10
138,29/05/2022 , 03:00:00,14,14
139,29/05/2022 , 03:15:00,20,20
140,29/05/2022 , 03:30:00,36,36
141,29/05/2022 , 03:45:00,53,53
142,29/05/2022 , 04:00:00,119,119
143,29/05/2022 , 04:15:00,151,151
144,29/05/2022 , 04:30:00,148,148
145,29/05/2022 , 04:45:00,199,199
146,29/05/2022 , 05:00:00,217,217
147,29/05/2022 , 05:15:00,420,420
148,29/05/2022 , 05:30:00,418,418
149,29/05/2022 , 05:45:00,240,240
150,29/05/2022 , 06:00:00,303,303
151,29/05/2022 , 06:15:00,710,710
152,29/05/2022 , 06:30:00,736,736
153,29/05/2022 , 06:45:00,262,262
154,29/05/2022 , 07:00:00,645,645
155,29/05/2022 , 07:15:00,874,874
156,29/05/2022 , 07:30:00,1251,1251
157,29/05/2022 , 07:45:00,1362,1362
158,29/05/2022 , 08:00:00,1113,1113
159,29/05/2022 , 08:15:00,1269,1269
160,29/05/2022 , 08:30:00,1271,1271
161,29/05/2022 , 08:45:00,1640,1640
162,29/05/2022 , 09:00:00,1667,1667
163,29/05/2022 , 09:15:00,1936,1936
164,29/05/2022 , 09:30:00,3551,3551
165,29/05/2022 , 09:45:00,1686,1686
166,29/05/2022 , 10:00:00,1421,1421
167,29/05/2022 , 10:15:00,3507,3507
168,29/05/2022 , 10:30:00,10266,10266
169,29/05/2022 , 10:45:00,5342,5342
170,29/05/2022 , 11:00:00,3242,3242
171,29/05/2022 , 11:15:00,3831,3831
172,29/05/2022 , 11:30:00,14512,14512
173,29/05/2022 , 11:45:00,9105,9105
174,29/05/2022 , 12:00:00,3992,3992
175,29/05/2022 , 12:15:00,14006,14006
176,29/05/2022 , 12:30:00,7147,7147
177,29/05/2022 , 12:45:00,7701,7701
178,29/05/2022 , 13:00:00,8066,8066
179,29/05/2022 , 13:15:00,5121,5121
180,29/05/2022 , 13:30:00,2553,2553
181,29/05/2022 , 13:45:00,12321,12321
182,29/05/2022 , 14:00:00,12136,12136
183,29/05/2022 , 14:15:00,7251,7251
184,29/05/2022 , 14:30:00,9819,9819
185,29/05/2022 , 14:45:00,8486,8486
186,29/05/2022 , 15:00:00,6713,6713
187,29/05/2022 , 15:15:00,5969,5969
188,29/05/2022 , 15:30:00,6955,6955
189,29/05/2022 , 15:45:00,6007,6007
190,29/05/2022 , 16:00:00,9483,9483
191,29/05/2022 , 16:15:00,11745,11745
192,29/05/2022 , 16:30:00,3551,3551
193,29/05/2022 , 16:45:00,4448,4448
194,29/05/2022 , 17:00:00,7408,7408
195,29/05/2022 , 17:15:00,7232,7232
196,29/05/2022 , 17:30:00,6656,6656
197,29/05/2022 , 17:45:00,4759,4759
198,29/05/2022 , 18:00:00,6488,6488
199,29/05/2022 , 18:15:00,3137,3137
200,29/05/2022 , 18:30:00,2431,2431
201,29/05/2022 , 18:45:00,2651,2651
202,29/05/2022 , 19:00:00,3008,3008
203,29/05/2022 , 19:15:00,2033,2033
204,29/05/2022 , 19:30:00,1672,1672
205,29/05/2022 , 19:45:00,2538,2538
206,29/05/2022 , 20:00:00,2252,2252
207,29/05/2022 , 20:15:00,2776,2776
208,29/05/2022 , 20:30:00,2405,2405
209,29/05/2022 , 20:45:00,2029,2029
210,29/05/2022 , 21:00:00,1316,1316
211,29/05/2022 , 21:15:00,668,668
212,29/05/2022 , 21:30:00,585,585
213,29/05/2022 , 21:45:00,510,510
214,29/05/2022 , 22:00:00,435,435
215,29/05/2022 , 22:15:00,368,368
216,29/05/2022 , 22:30:00,295,295
217,29/05/2022 , 22:45:00,228,228
218,29/05/2022 , 23:00:00,177,177
219,29/05/2022 , 23:15:00,135,135
220,29/05/2022 , 23:30:00,101,101
221,29/05/2022 , 23:45:00,73,73
222,29/05/2022 , 24:00:00,51,51
223,30/05/2022 , 00:15:00,34,34
224,30/05/2022 , 00:30:00,22,22
225,30/05/2022 , 00:45:00,16,16
226,30/05/2022 , 01:00:00,11,11
227,30/05/2022 , 01:15:00,8,8
228,30/05/2022 , 01:30:00,7,7
229,30/05/2022 , 01:45:00,7,7
230,30/05/2022 , 02:00:00,6,6
231,30/05/2022 , 02:15:00,8,8
232,30/05/2022 , 02:30:00,9,9
233,30/05/2022 , 02:45:00,12,12
234,30/05/2022 , 03:00:00,17,17
235,30/05/2022 , 03:15:00,25,25
236,30/05/2022 , 03:30:00,37,37
237,30/05/2022 , 03:45:00,56,56
238,30/05/2022 , 04:00:00,79,79
239,30/05/2022 , 04:15:00,109,109
240,30/05/2022 , 04:30:00,143,143
241,30/05/2022 , 04:45:00,182,182
242,30/05/2022 , 05:00:00,227,227
243,30/05/2022 , 05:15:00,269,269
244,30/05/2022 , 05:30:00,314,314
245,30/05/2022 , 05:45:00,360,360
246,30/05/2022 , 06:00:00,420,420
247,30/05/2022 , 06:15:00,491,491
248,30/05/2022 , 06:30:00,584,584
249,30/05/2022 , 06:45:00,674,674
250,30/05/2022 , 07:00:00,749,749
251,30/05/2022 , 07:15:00,812,812
252,30/05/2022 , 07:30:00,870,870
253,30/05/2022 , 07:45:00,1602,1602
254,30/05/2022 , 08:00:00,1290,1290
255,30/05/2022 , 08:15:00,1092,1092
256,30/05/2022 , 08:30:00,1105,1105
257,30/05/2022 , 08:45:00,1822,1822
258,30/05/2022 , 09:00:00,1920,1920
259,30/05/2022 , 09:15:00,2098,2098
260,30/05/2022 , 09:30:00,3483,3483
261,30/05/2022 , 09:45:00,2168,2168
262,30/05/2022 , 10:00:00,1471,1471
263,30/05/2022 , 10:15:00,4547,4547
264,30/05/2022 , 10:30:00,11938,11938
265,30/05/2022 , 10:45:00,4659,4659
266,30/05/2022 , 11:00:00,3046,3046
267,30/05/2022 , 11:15:00,3781,3781
268,30/05/2022 , 11:30:00,12174,12174
269,30/05/2022 , 11:45:00,7701,7701
270,30/05/2022 , 12:00:00,2915,2915
271,30/05/2022 , 12:15:00,11407,11407
272,30/05/2022 , 12:30:00,6200,6200
273,30/05/2022 , 12:45:00,5573,5573
274,30/05/2022 , 13:00:00,5357,5357
275,30/05/2022 , 13:15:00,6484,6484
276,30/05/2022 , 13:30:00,2988,2988
277,30/05/2022 , 13:45:00,13398,13398
278,30/05/2022 , 14:00:00,11967,11967
279,30/05/2022 , 14:15:00,7098,7098
280,30/05/2022 , 14:30:00,7225,7225
281,30/05/2022 , 14:45:00,7773,7773
282,30/05/2022 , 15:00:00,6513,6513
283,30/05/2022 , 15:15:00,4109,4109
284,30/05/2022 , 15:30:00,6573,6573
285,30/05/2022 , 15:45:00,7988,7988
286,30/05/2022 , 16:00:00,11666,11666
287,30/05/2022 , 16:15:00,10180,10180
288,30/05/2022 , 16:30:00,12223,12223
289,30/05/2022 , 16:45:00,13154,13154
290,30/05/2022 , 17:00:00,10723,10723
291,30/05/2022 , 17:15:00,6036,6036
292,30/05/2022 , 17:30:00,4849,4849
293,30/05/2022 , 17:45:00,11579,11579
294,30/05/2022 , 18:00:00,5697,5697
295,30/05/2022 , 18:15:00,2674,2674
296,30/05/2022 , 18:30:00,2537,2537
297,30/05/2022 , 18:45:00,3094,3094
298,30/05/2022 , 19:00:00,2612,2612
299,30/05/2022 , 19:15:00,2050,2050
300,30/05/2022 , 19:30:00,3158,3158
301,30/05/2022 , 19:45:00,1904,1904
302,30/05/2022 , 20:00:00,1683,1683
303,30/05/2022 , 20:15:00,2102,2102
304,30/05/2022 , 20:30:00,2048,2048
305,30/05/2022 , 20:45:00,1753,1753
306,30/05/2022 , 21:00:00,1257,1257
307,30/05/2022 , 21:15:00,629,629
308,30/05/2022 , 21:30:00,522,522
309,30/05/2022 , 21:45:00,467,467
310,30/05/2022 , 22:00:00,424,424
311,30/05/2022 , 22:15:00,356,356
312,30/05/2022 , 22:30:00,295,295
313,30/05/2022 , 22:45:00,235,235
314,30/05/2022 , 23:00:00,176,176
315,30/05/2022 , 23:15:00,142,142
316,30/05/2022 , 23:30:00,106,106
317,30/05/2022 , 23:45:00,75,75
318,30/05/2022 , 24:00:00,53,53
319,31/05/2022 , 00:15:00,37,37
320,31/05/2022 , 00:30:00,27,27
321,31/05/2022 , 00:45:00,21,21
322,31/05/2022 , 01:00:00,15,15
323,31/05/2022 , 01:15:00,12,12
324,31/05/2022 , 01:30:00,10,10
325,31/05/2022 , 01:45:00,9,9
326,31/05/2022 , 02:00:00,8,8
327,31/05/2022 , 02:15:00,10,10
328,31/05/2022 , 02:30:00,12,12
329,31/05/2022 , 02:45:00,17,17
330,31/05/2022 , 03:00:00,26,26
331,31/05/2022 , 03:15:00,33,33
332,31/05/2022 , 03:30:00,36,36
333,31/05/2022 , 03:45:00,50,50
334,31/05/2022 , 04:00:00,72,72
335,31/05/2022 , 04:15:00,101,101
336,31/05/2022 , 04:30:00,146,146
337,31/05/2022 , 04:45:00,208,208
338,31/05/2022 , 05:00:00,290,290
339,31/05/2022 , 05:15:00,346,346
340,31/05/2022 , 05:30:00,398,398
341,31/05/2022 , 05:45:00,441,441
342,31/05/2022 , 06:00:00,484,484
343,31/05/2022 , 06:15:00,632,632
344,31/05/2022 , 06:30:00,783,783
345,31/05/2022 , 06:45:00,1013,1013
346,31/05/2022 , 07:00:00,1284,1284
347,31/05/2022 , 07:15:00,1348,1348
348,31/05/2022 , 07:30:00,1194,1194
349,31/05/2022 , 07:45:00,1061,1061
350,31/05/2022 , 08:00:00,1208,1208
351,31/05/2022 , 08:15:00,1760,1760
352,31/05/2022 , 08:30:00,1828,1828
353,31/05/2022 , 08:45:00,2150,2150
354,31/05/2022 , 09:00:00,2367,2367
355,31/05/2022 , 09:15:00,2429,2429
356,31/05/2022 , 09:30:00,2983,2983
357,31/05/2022 , 09:45:00,2512,2512
358,31/05/2022 , 10:00:00,2389,2389
359,31/05/2022 , 10:15:00,4194,4194
360,31/05/2022 , 10:30:00,8813,8813
361,31/05/2022 , 10:45:00,4018,4018
362,31/05/2022 , 11:00:00,3629,3629
363,31/05/2022 , 11:15:00,3474,3474
364,31/05/2022 , 11:30:00,10715,10715
365,31/05/2022 , 11:45:00,11473,11473
366,31/05/2022 , 12:00:00,4280,4280
367,31/05/2022 , 12:15:00,8085,8085
368,31/05/2022 , 12:30:00,4924,4924
369,31/05/2022 , 12:45:00,4890,4890
370,31/05/2022 , 13:00:00,4231,4231
371,31/05/2022 , 13:15:00,4589,4589
372,31/05/2022 , 13:30:00,3330,3330
373,31/05/2022 , 13:45:00,11814,11814
374,31/05/2022 , 14:00:00,11247,11247
375,31/05/2022 , 14:15:00,6693,6693
376,31/05/2022 , 14:30:00,6394,6394
377,31/05/2022 , 14:45:00,7349,7349
378,31/05/2022 , 15:00:00,6782,6782
379,31/05/2022 , 15:15:00,4557,4557
380,31/05/2022 , 15:30:00,6533,6533
381,31/05/2022 , 15:45:00,6891,6891
382,31/05/2022 , 16:00:00,8242,8242
383,31/05/2022 , 16:15:00,8261,8261
384,31/05/2022 , 16:30:00,10137,10137
385,31/05/2022 , 16:45:00,11277,11277
386,31/05/2022 , 17:00:00,8196,8196
387,31/05/2022 , 17:15:00,4321,4321
388,31/05/2022 , 17:30:00,5189,5189
389,31/05/2022 , 17:45:00,9255,9255
390,31/05/2022 , 18:00:00,4640,4640
391,31/05/2022 , 18:15:00,2878,2878
392,31/05/2022 , 18:30:00,2698,2698
393,31/05/2022 , 18:45:00,2233,2233
394,31/05/2022 , 19:00:00,1860,1860
395,31/05/2022 , 19:15:00,1134,1134
396,31/05/2022 , 19:30:00,1456,1456
397,31/05/2022 , 19:45:00,1681,1681
398,31/05/2022 , 20:00:00,1775,1775
399,31/05/2022 , 20:15:00,1746,1746
400,31/05/2022 , 20:30:00,1325,1325
401,31/05/2022 , 20:45:00,1327,1327
402,31/05/2022 , 21:00:00,1158,1158
403,31/05/2022 , 21:15:00,685,685
404,31/05/2022 , 21:30:00,621,621
405,31/05/2022 , 21:45:00,537,537
406,31/05/2022 , 22:00:00,469,469
407,31/05/2022 , 22:15:00,422,422
408,31/05/2022 , 22:30:00,346,346
409,31/05/2022 , 22:45:00,276,276
410,31/05/2022 , 23:00:00,198,198
411,31/05/2022 , 23:15:00,127,127
412,31/05/2022 , 23:30:00,83,83
413,31/05/2022 , 23:45:00,53,53
414,31/05/2022 , 24:00:00,36,36
415,01/06/2022 , 00:15:00,24,24
416,01/06/2022 , 00:30:00,16,16
417,01/06/2022 , 00:45:00,12,12
418,01/06/2022 , 01:00:00,9,9
419,01/06/2022 , 01:15:00,7,7
420,01/06/2022 , 01:30:00,6,6
421,01/06/2022 , 01:45:00,5,5
422,01/06/2022 , 02:00:00,5,5
423,01/06/2022 , 02:15:00,6,6
424,01/06/2022 , 02:30:00,7,7
425,01/06/2022 , 02:45:00,9,9
426,01/06/2022 , 03:00:00,12,12
427,01/06/2022 , 03:15:00,18,18
428,01/06/2022 , 03:30:00,25,25
429,01/06/2022 , 03:45:00,40,40
430,01/06/2022 , 04:00:00,66,66
431,01/06/2022 , 04:15:00,94,94
432,01/06/2022 , 04:30:00,109,109
433,01/06/2022 , 04:45:00,136,136
434,01/06/2022 , 05:00:00,216,216
435,01/06/2022 , 05:15:00,305,305
436,01/06/2022 , 05:30:00,376,376
437,01/06/2022 , 05:45:00,391,391
438,01/06/2022 , 06:00:00,437,437
439,01/06/2022 , 06:15:00,529,529
440,01/06/2022 , 06:30:00,635,635
441,01/06/2022 , 06:45:00,622,622
442,01/06/2022 , 07:00:00,678,678
443,01/06/2022 , 07:15:00,838,838
444,01/06/2022 , 07:30:00,921,921
445,01/06/2022 , 07:45:00,1037,1037
446,01/06/2022 , 08:00:00,1118,1118
447,01/06/2022 , 08:15:00,1087,1087
448,01/06/2022 , 08:30:00,1097,1097
449,01/06/2022 , 08:45:00,1423,1423
450,01/06/2022 , 09:00:00,1321,1321
451,01/06/2022 , 09:15:00,1880,1880
452,01/06/2022 , 09:30:00,3109,3109
453,01/06/2022 , 09:45:00,1901,1901
454,01/06/2022 , 10:00:00,1865,1865
455,01/06/2022 , 10:15:00,4371,4371
456,01/06/2022 , 10:30:00,8861,8861
457,01/06/2022 , 10:45:00,3300,3300
458,01/06/2022 , 11:00:00,3035,3035
459,01/06/2022 , 11:15:00,2558,2558
460,01/06/2022 , 11:30:00,8219,8219
461,01/06/2022 , 11:45:00,16068,16068
462,01/06/2022 , 12:00:00,5193,5193
463,01/06/2022 , 12:15:00,6817,6817
464,01/06/2022 , 12:30:00,4516,4516
465,01/06/2022 , 12:45:00,3929,3929
466,01/06/2022 , 13:00:00,3352,3352
467,01/06/2022 , 13:15:00,4318,4318
468,01/06/2022 , 13:30:00,3702,3702
469,01/06/2022 , 13:45:00,10565,10565
470,01/06/2022 , 14:00:00,10345,10345
471,01/06/2022 , 14:15:00,6576,6576
472,01/06/2022 , 14:30:00,6055,6055
473,01/06/2022 , 14:45:00,6444,6444
474,01/06/2022 , 15:00:00,6799,6799
475,01/06/2022 , 15:15:00,4146,4146
476,01/06/2022 , 15:30:00,6152,6152
477,01/06/2022 , 15:45:00,5198,5198
478,01/06/2022 , 16:00:00,5630,5630
479,01/06/2022 , 16:15:00,5945,5945
480,01/06/2022 , 16:30:00,5529,5529
481,01/06/2022 , 16:45:00,4834,4834
482,01/06/2022 , 17:00:00,5978,5978
483,01/06/2022 , 17:15:00,3812,3812
484,01/06/2022 , 17:30:00,3463,3463
485,01/06/2022 , 17:45:00,6013,6013
486,01/06/2022 , 18:00:00,2913,2913
487,01/06/2022 , 18:15:00,2715,2715
488,01/06/2022 , 18:30:00,2671,2671
489,01/06/2022 , 18:45:00,2382,2382
490,01/06/2022 , 19:00:00,2432,2432
491,01/06/2022 , 19:15:00,2285,2285
492,01/06/2022 , 19:30:00,2266,2266
493,01/06/2022 , 19:45:00,1780,1780
494,01/06/2022 , 20:00:00,1763,1763
495,01/06/2022 , 20:15:00,1820,1820
496,01/06/2022 , 20:30:00,1781,1781
497,01/06/2022 , 20:45:00,1581,1581
498,01/06/2022 , 21:00:00,1342,1342
499,01/06/2022 , 21:15:00,1149,1149
500,01/06/2022 , 21:30:00,992,992
501,01/06/2022 , 21:45:00,671,671
502,01/06/2022 , 22:00:00,515,515
503,01/06/2022 , 22:15:00,484,484
504,01/06/2022 , 22:30:00,455,455
505,01/06/2022 , 22:45:00,360,360
506,01/06/2022 , 23:00:00,260,260
507,01/06/2022 , 23:15:00,176,176
508,01/06/2022 , 23:30:00,125,125
509,01/06/2022 , 23:45:00,89,89
510,01/06/2022 , 24:00:00,62,62
511,02/06/2022 , 00:15:00,45,45
512,02/06/2022 , 00:30:00,38,38
513,02/06/2022 , 00:45:00,31,31
514,02/06/2022 , 01:00:00,23,23
515,02/06/2022 , 01:15:00,16,16
516,02/06/2022 , 01:30:00,11,11
517,02/06/2022 , 01:45:00,10,10
518,02/06/2022 , 02:00:00,12,12
519,02/06/2022 , 02:15:00,12,12
520,02/06/2022 , 02:30:00,13,13
521,02/06/2022 , 02:45:00,17,17
522,02/06/2022 , 03:00:00,19,19
523,02/06/2022 , 03:15:00,25,25
524,02/06/2022 , 03:30:00,32,32
525,02/06/2022 , 03:45:00,45,45
526,02/06/2022 , 04:00:00,65,65
527,02/06/2022 , 04:15:00,85,85
528,02/06/2022 , 04:30:00,139,139
529,02/06/2022 , 04:45:00,188,188
530,02/06/2022 , 05:00:00,240,240
531,02/06/2022 , 05:15:00,355,355
532,02/06/2022 , 05:30:00,436,436
533,02/06/2022 , 05:45:00,489,489
534,02/06/2022 , 06:00:00,554,554
535,02/06/2022 , 06:15:00,648,648
536,02/06/2022 , 06:30:00,730,730
537,02/06/2022 , 06:45:00,921,921
538,02/06/2022 , 07:00:00,985,985
539,02/06/2022 , 07:15:00,1055,1055
540,02/06/2022 , 07:30:00,1078,1078
541,02/06/2022 , 07:45:00,1240,1240
542,02/06/2022 , 08:00:00,1259,1259
543,02/06/2022 , 08:15:00,1331,1331
544,02/06/2022 , 08:30:00,1286,1286
545,02/06/2022 , 08:45:00,1485,1485
546,02/06/2022 , 09:00:00,1417,1417
547,02/06/2022 , 09:15:00,1898,1898
548,02/06/2022 , 09:30:00,2219,2219
549,02/06/2022 , 09:45:00,2031,2031
550,02/06/2022 , 10:00:00,1377,1377
551,02/06/2022 , 10:15:00,4856,4856
552,02/06/2022 , 10:30:00,10351,10351
553,02/06/2022 , 10:45:00,2544,2544
554,02/06/2022 , 11:00:00,2564,2564
555,02/06/2022 , 11:15:00,2183,2183
556,02/06/2022 , 11:30:00,5234,5234
557,02/06/2022 , 11:45:00,17931,17931
558,02/06/2022 , 12:00:00,6056,6056
559,02/06/2022 , 12:15:00,4520,4520
560,02/06/2022 , 12:30:00,5232,5232
561,02/06/2022 , 12:45:00,2598,2598
562,02/06/2022 , 13:00:00,2249,2249
563,02/06/2022 , 13:15:00,3392,3392
564,02/06/2022 , 13:30:00,5025,5025
565,02/06/2022 , 13:45:00,6839,6839
566,02/06/2022 , 14:00:00,4981,4981
567,02/06/2022 , 14:15:00,7066,7066
568,02/06/2022 , 14:30:00,6740,6740
569,02/06/2022 , 14:45:00,3929,3929
570,02/06/2022 , 15:00:00,4436,4436
571,02/06/2022 , 15:15:00,4031,4031
572,02/06/2022 , 15:30:00,6052,6052
573,02/06/2022 , 15:45:00,4164,4164
574,02/06/2022 , 16:00:00,4938,4938
575,02/06/2022 , 16:15:00,4096,4096
576,02/06/2022 , 16:30:00,4416,4416
577,02/06/2022 , 16:45:00,5912,5912
578,02/06/2022 , 17:00:00,5883,5883
579,02/06/2022 , 17:15:00,3251,3251
580,02/06/2022 , 17:30:00,3358,3358
581,02/06/2022 , 17:45:00,7101,7101
582,02/06/2022 , 18:00:00,3566,3566
583,02/06/2022 , 18:15:00,2413,2413
584,02/06/2022 , 18:30:00,2335,2335
585,02/06/2022 , 18:45:00,1780,1780
586,02/06/2022 , 19:00:00,1440,1440
587,02/06/2022 , 19:15:00,1217,1217
588,02/06/2022 , 19:30:00,981,981
589,02/06/2022 , 19:45:00,778,778
590,02/06/2022 , 20:00:00,893,893
591,02/06/2022 , 20:15:00,1226,1226
592,02/06/2022 , 20:30:00,1536,1536
593,02/06/2022 , 20:45:00,1191,1191
594,02/06/2022 , 21:00:00,870,870
595,02/06/2022 , 21:15:00,527,527
596,02/06/2022 , 21:30:00,451,451
597,02/06/2022 , 21:45:00,397,397
598,02/06/2022 , 22:00:00,340,340
599,02/06/2022 , 22:15:00,289,289
600,02/06/2022 , 22:30:00,233,233
601,02/06/2022 , 22:45:00,177,177
602,02/06/2022 , 23:00:00,135,135
603,02/06/2022 , 23:15:00,106,106
604,02/06/2022 , 23:30:00,80,80
605,02/06/2022 , 23:45:00,61,61
606,02/06/2022 , 24:00:00,45,45
607,03/06/2022 , 00:15:00,31,31
608,03/06/2022 , 00:30:00,21,21
609,03/06/2022 , 00:45:00,14,14
610,03/06/2022 , 01:00:00,11,11
611,03/06/2022 , 01:15:00,8,8
612,03/06/2022 , 01:30:00,7,7
613,03/06/2022 , 01:45:00,8,8
614,03/06/2022 , 02:00:00,8,8
615,03/06/2022 , 02:15:00,8,8
616,03/06/2022 , 02:30:00,10,10
617,03/06/2022 , 02:45:00,12,12
618,03/06/2022 , 03:00:00,16,16
619,03/06/2022 , 03:15:00,21,21
620,03/06/2022 , 03:30:00,30,30
621,03/06/2022 , 03:45:00,43,43
622,03/06/2022 , 04:00:00,63,63
623,03/06/2022 , 04:15:00,82,82
624,03/06/2022 , 04:30:00,106,106
625,03/06/2022 , 04:45:00,129,129
626,03/06/2022 , 05:00:00,161,161
627,03/06/2022 , 05:15:00,190,190
628,03/06/2022 , 05:30:00,222,222
629,03/06/2022 , 05:45:00,257,257
630,03/06/2022 , 06:00:00,311,311
631,03/06/2022 , 06:15:00,369,369
632,03/06/2022 , 06:30:00,437,437
633,03/06/2022 , 06:45:00,502,502
634,03/06/2022 , 07:00:00,561,561
635,03/06/2022 , 07:15:00,621,621
636,03/06/2022 , 07:30:00,664,664
637,03/06/2022 , 07:45:00,1062,1062
638,03/06/2022 , 08:00:00,1043,1043
639,03/06/2022 , 08:15:00,855,855
640,03/06/2022 , 08:30:00,880,880
641,03/06/2022 , 08:45:00,1019,1019
642,03/06/2022 , 09:00:00,1180,1180
643,03/06/2022 , 09:15:00,1660,1660
644,03/06/2022 , 09:30:00,2045,2045
645,03/06/2022 , 09:45:00,1306,1306
646,03/06/2022 , 10:00:00,1188,1188
647,03/06/2022 , 10:15:00,4948,4948
648,03/06/2022 , 10:30:00,12043,12043
649,03/06/2022 , 10:45:00,2395,2395
650,03/06/2022 , 11:00:00,1932,1932
651,03/06/2022 , 11:15:00,1946,1946
652,03/06/2022 , 11:30:00,4359,4359
653,03/06/2022 , 11:45:00,21321,21321
654,03/06/2022 , 12:00:00,5560,5560
655,03/06/2022 , 12:15:00,2412,2412
656,03/06/2022 , 12:30:00,4257,4257
657,03/06/2022 , 12:45:00,2573,2573
658,03/06/2022 , 13:00:00,2047,2047
659,03/06/2022 , 13:15:00,2619,2619
660,03/06/2022 , 13:30:00,2470,2470
661,03/06/2022 , 13:45:00,11285,11285
662,03/06/2022 , 14:00:00,10005,10005
663,03/06/2022 , 14:15:00,5036,5036
664,03/06/2022 , 14:30:00,4508,4508
665,03/06/2022 , 14:45:00,5527,5527
666,03/06/2022 , 15:00:00,6161,6161
667,03/06/2022 , 15:15:00,2903,2903
668,03/06/2022 , 15:30:00,5096,5096
669,03/06/2022 , 15:45:00,3616,3616
670,03/06/2022 , 16:00:00,5264,5264
671,03/06/2022 , 16:15:00,5071,5071
672,03/06/2022 , 16:30:00,10332,10332
673,03/06/2022 , 16:45:00,11974,11974
674,03/06/2022 , 17:00:00,4931,4931
675,03/06/2022 , 17:15:00,2608,2608
676,03/06/2022 , 17:30:00,2165,2165
677,03/06/2022 , 17:45:00,3489,3489
678,03/06/2022 , 18:00:00,2097,2097
679,03/06/2022 , 18:15:00,1864,1864
680,03/06/2022 , 18:30:00,1451,1451
681,03/06/2022 , 18:45:00,965,965
682,03/06/2022 , 19:00:00,1098,1098
683,03/06/2022 , 19:15:00,1139,1139
684,03/06/2022 , 19:30:00,1049,1049
685,03/06/2022 , 19:45:00,1120,1120
686,03/06/2022 , 20:00:00,1250,1250
687,03/06/2022 , 20:15:00,1268,1268
688,03/06/2022 , 20:30:00,1183,1183
689,03/06/2022 , 20:45:00,1038,1038
690,03/06/2022 , 21:00:00,1023,1023
691,03/06/2022 , 21:15:00,704,704
692,03/06/2022 , 21:30:00,548,548
693,03/06/2022 , 21:45:00,470,470
694,03/06/2022 , 22:00:00,361,361
695,03/06/2022 , 22:15:00,287,287
696,03/06/2022 , 22:30:00,240,240
697,03/06/2022 , 22:45:00,169,169
698,03/06/2022 , 23:00:00,106,106
699,03/06/2022 , 23:15:00,74,74
700,03/06/2022 , 23:30:00,54,54
701,03/06/2022 , 23:45:00,52,52
702,03/06/2022 , 24:00:00,44,44
703,04/06/2022 , 00:15:00,43,43
704,04/06/2022 , 00:30:00,26,26
705,04/06/2022 , 00:45:00,15,15
706,04/06/2022 , 01:00:00,12,12
707,04/06/2022 , 01:15:00,9,9
708,04/06/2022 , 01:30:00,8,8
709,04/06/2022 , 01:45:00,7,7
710,04/06/2022 , 02:00:00,6,6
711,04/06/2022 , 02:15:00,7,7
712,04/06/2022 , 02:30:00,8,8
713,04/06/2022 , 02:45:00,12,12
714,04/06/2022 , 03:00:00,11,11
715,04/06/2022 , 03:15:00,16,16
716,04/06/2022 , 03:30:00,24,24
717,04/06/2022 , 03:45:00,45,45
718,04/06/2022 , 04:00:00,73,73
719,04/06/2022 , 04:15:00,102,102
720,04/06/2022 , 04:30:00,199,199
721,04/06/2022 , 04:45:00,251,251
722,04/06/2022 , 05:00:00,337,337
723,04/06/2022 , 05:15:00,418,418
724,04/06/2022 , 05:30:00,508,508
725,04/06/2022 , 05:45:00,544,544
726,04/06/2022 , 06:00:00,536,536
727,04/06/2022 , 06:15:00,664,664
728,04/06/2022 , 06:30:00,892,892
729,04/06/2022 , 06:45:00,908,908
730,04/06/2022 , 07:00:00,1011,1011
731,04/06/2022 , 07:15:00,932,932
732,04/06/2022 , 07:30:00,973,973
733,04/06/2022 , 07:45:00,1100,1100
734,04/06/2022 , 08:00:00,1165,1165
735,04/06/2022 , 08:15:00,1283,1283
736,04/06/2022 , 08:30:00,1574,1574
737,04/06/2022 , 08:45:00,1675,1675
738,04/06/2022 , 09:00:00,1562,1562
739,04/06/2022 , 09:15:00,1636,1636
740,04/06/2022 , 09:30:00,2006,2006
741,04/06/2022 , 09:45:00,2169,2169
742,04/06/2022 , 10:00:00,2211,2211
743,04/06/2022 , 10:15:00,4043,4043
744,04/06/2022 , 10:30:00,8865,8865
745,04/06/2022 , 10:45:00,3483,3483
746,04/06/2022 , 11:00:00,1848,1848
747,04/06/2022 , 11:15:00,1641,1641
748,04/06/2022 , 11:30:00,5188,5188
749,04/06/2022 , 11:45:00,17012,17012
750,04/06/2022 , 12:00:00,5780,5780
751,04/06/2022 , 12:15:00,2105,2105
752,04/06/2022 , 12:30:00,2275,2275
753,04/06/2022 , 12:45:00,2405,2405
754,04/06/2022 , 13:00:00,1966,1966
755,04/06/2022 , 13:15:00,3297,3297
756,04/06/2022 , 13:30:00,2048,2048
757,04/06/2022 , 13:45:00,9246,9246
758,04/06/2022 , 14:00:00,7715,7715
759,04/06/2022 , 14:15:00,3732,3732
760,04/06/2022 , 14:30:00,4336,4336
761,04/06/2022 , 14:45:00,5582,5582
762,04/06/2022 , 15:00:00,5829,5829
763,04/06/2022 , 15:15:00,2510,2510
764,04/06/2022 , 15:30:00,4729,4729
765,04/06/2022 , 15:45:00,3365,3365
766,04/06/2022 , 16:00:00,3957,3957
767,04/06/2022 , 16:15:00,4133,4133
768,04/06/2022 , 16:30:00,10189,10189
769,04/06/2022 , 16:45:00,11410,11410
770,04/06/2022 , 17:00:00,6016,6016
771,04/06/2022 , 17:15:00,2607,2607
772,04/06/2022 , 17:30:00,2924,2924
773,04/06/2022 , 17:45:00,5993,5993
774,04/06/2022 , 18:00:00,2627,2627
775,04/06/2022 , 18:15:00,1689,1689
776,04/06/2022 , 18:30:00,1586,1586
777,04/06/2022 , 18:45:00,1432,1432
778,04/06/2022 , 19:00:00,1287,1287
779,04/06/2022 , 19:15:00,1217,1217
780,04/06/2022 , 19:30:00,1801,1801
781,04/06/2022 , 19:45:00,881,881
782,04/06/2022 , 20:00:00,891,891
783,04/06/2022 , 20:15:00,974,974
784,04/06/2022 , 20:30:00,1235,1235
785,04/06/2022 , 20:45:00,1081,1081
786,04/06/2022 , 21:00:00,846,846
787,04/06/2022 , 21:15:00,472,472
788,04/06/2022 , 21:30:00,397,397
789,04/06/2022 , 21:45:00,352,352
790,04/06/2022 , 22:00:00,324,324
791,04/06/2022 , 22:15:00,337,337
792,04/06/2022 , 22:30:00,249,249
793,04/06/2022 , 22:45:00,159,159
794,04/06/2022 , 23:00:00,119,119
795,04/06/2022 , 23:15:00,94,94
796,04/06/2022 , 23:30:00,73,73
797,04/06/2022 , 23:45:00,55,55
798,04/06/2022 , 24:00:00,40,40
799,05/06/2022 , 00:15:00,31,31
800,05/06/2022 , 00:30:00,22,22
801,05/06/2022 , 00:45:00,17,17
802,05/06/2022 , 01:00:00,12,12
803,05/06/2022 , 01:15:00,10,10
804,05/06/2022 , 01:30:00,8,8
805,05/06/2022 , 01:45:00,8,8
806,05/06/2022 , 02:00:00,8,8
807,05/06/2022 , 02:15:00,9,9
808,05/06/2022 , 02:30:00,10,10
809,05/06/2022 , 02:45:00,14,14
810,05/06/2022 , 03:00:00,17,17
811,05/06/2022 , 03:15:00,22,22
812,05/06/2022 , 03:30:00,31,31
813,05/06/2022 , 03:45:00,41,41
814,05/06/2022 , 04:00:00,54,54
815,05/06/2022 , 04:15:00,70,70
816,05/06/2022 , 04:30:00,88,88
817,05/06/2022 , 04:45:00,107,107
818,05/06/2022 , 05:00:00,136,136
819,05/06/2022 , 05:15:00,158,158
820,05/06/2022 , 05:30:00,188,188
821,05/06/2022 , 05:45:00,217,217
822,05/06/2022 , 06:00:00,267,267
823,05/06/2022 , 06:15:00,319,319
824,05/06/2022 , 06:30:00,376,376
825,05/06/2022 , 06:45:00,432,432
826,05/06/2022 , 07:00:00,485,485
827,05/06/2022 , 07:15:00,540,540
828,05/06/2022 , 07:30:00,582,582
829,05/06/2022 , 07:45:00,914,914
830,05/06/2022 , 08:00:00,993,993
831,05/06/2022 , 08:15:00,777,777
832,05/06/2022 , 08:30:00,816,816
833,05/06/2022 , 08:45:00,885,885
834,05/06/2022 , 09:00:00,1046,1046
835,05/06/2022 , 09:15:00,1669,1669
836,05/06/2022 , 09:30:00,1532,1532
837,05/06/2022 , 09:45:00,1212,1212
838,05/06/2022 , 10:00:00,1078,1078
839,05/06/2022 , 10:15:00,2865,2865
840,05/06/2022 , 10:30:00,13003,13003
841,05/06/2022 , 10:45:00,4800,4800
842,05/06/2022 , 11:00:00,1864,1864
843,05/06/2022 , 11:15:00,2107,2107
844,05/06/2022 , 11:30:00,7252,7252
845,05/06/2022 , 11:45:00,19506,19506
846,05/06/2022 , 12:00:00,5992,5992
847,05/06/2022 , 12:15:00,1755,1755
848,05/06/2022 , 12:30:00,2586,2586
849,05/06/2022 , 12:45:00,2328,2328
850,05/06/2022 , 13:00:00,1946,1946
851,05/06/2022 , 13:15:00,3106,3106
852,05/06/2022 , 13:30:00,1894,1894
853,05/06/2022 , 13:45:00,9050,9050
854,05/06/2022 , 14:00:00,6739,6739
855,05/06/2022 , 14:15:00,4158,4158
856,05/06/2022 , 14:30:00,4540,4540
857,05/06/2022 , 14:45:00,4007,4007
858,05/06/2022 , 15:00:00,4963,4963
859,05/06/2022 , 15:15:00,2050,2050
860,05/06/2022 , 15:30:00,3795,3795
861,05/06/2022 , 15:45:00,3575,3575
862,05/06/2022 , 16:00:00,3705,3705
863,05/06/2022 , 16:15:00,4527,4527
864,05/06/2022 , 16:30:00,8945,8945
865,05/06/2022 , 16:45:00,11727,11727
866,05/06/2022 , 17:00:00,6482,6482
867,05/06/2022 , 17:15:00,2625,2625
868,05/06/2022 , 17:30:00,2660,2660
869,05/06/2022 , 17:45:00,5726,5726
870,05/06/2022 , 18:00:00,2076,2076
871,05/06/2022 , 18:15:00,1474,1474
872,05/06/2022 , 18:30:00,1537,1537
873,05/06/2022 , 18:45:00,1357,1357
874,05/06/2022 , 19:00:00,1166,1166
875,05/06/2022 , 19:15:00,1040,1040
876,05/06/2022 , 19:30:00,1773,1773
877,05/06/2022 , 19:45:00,926,926
878,05/06/2022 , 20:00:00,1040,1040
879,05/06/2022 , 20:15:00,884,884
880,05/06/2022 , 20:30:00,1190,1190
881,05/06/2022 , 20:45:00,929,929
882,05/06/2022 , 21:00:00,786,786
883,05/06/2022 , 21:15:00,434,434
884,05/06/2022 , 21:30:00,348,348
885,05/06/2022 , 21:45:00,324,324
886,05/06/2022 , 22:00:00,277,277
887,05/06/2022 , 22:15:00,242,242
888,05/06/2022 , 22:30:00,214,214
889,05/06/2022 , 22:45:00,174,174
890,05/06/2022 , 23:00:00,128,128
891,05/06/2022 , 23:15:00,94,94
892,05/06/2022 , 23:30:00,73,73
893,05/06/2022 , 23:45:00,55,55
894,05/06/2022 , 24:00:00,42,42
895,06/06/2022 , 00:15:00,32,32
896,06/06/2022 , 00:30:00,23,23
897,06/06/2022 , 00:45:00,18,18
898,06/06/2022 , 01:00:00,14,14
899,06/06/2022 , 01:15:00,11,11
900,06/06/2022 , 01:30:00,10,10
901,06/06/2022 , 01:45:00,9,9
902,06/06/2022 , 02:00:00,11,11
903,06/06/2022 , 02:15:00,12,12
904,06/06/2022 , 02:30:00,15,15
905,06/06/2022 , 02:45:00,17,17
906,06/06/2022 , 03:00:00,20,20
907,06/06/2022 , 03:15:00,25,25
908,06/06/2022 , 03:30:00,33,33
909,06/06/2022 , 03:45:00,43,43
910,06/06/2022 , 04:00:00,56,56
911,06/06/2022 , 04:15:00,70,70
912,06/06/2022 , 04:30:00,87,87
913,06/06/2022 , 04:45:00,108,108
914,06/06/2022 , 05:00:00,136,136
915,06/06/2022 , 05:15:00,158,158
916,06/06/2022 , 05:30:00,186,186
917,06/06/2022 , 05:45:00,218,218
918,06/06/2022 , 06:00:00,264,264
919,06/06/2022 , 06:15:00,312,312
920,06/06/2022 , 06:30:00,365,365
921,06/06/2022 , 06:45:00,428,428
922,06/06/2022 , 07:00:00,519,519
923,06/06/2022 , 07:15:00,424,424
924,06/06/2022 , 07:30:00,604,604
925,06/06/2022 , 07:45:00,1009,1009
926,06/06/2022 , 08:00:00,969,969
927,06/06/2022 , 08:15:00,749,749
928,06/06/2022 , 08:30:00,792,792
929,06/06/2022 , 08:45:00,865,865
930,06/06/2022 , 09:00:00,1274,1274
931,06/06/2022 , 09:15:00,1570,1570
932,06/06/2022 , 09:30:00,1352,1352
933,06/06/2022 , 09:45:00,1264,1264
934,06/06/2022 , 10:00:00,1049,1049
935,06/06/2022 , 10:15:00,1987,1987
936,06/06/2022 , 10:30:00,10069,10069
937,06/06/2022 , 10:45:00,5266,5266
938,06/06/2022 , 11:00:00,1679,1679
939,06/06/2022 , 11:15:00,1837,1837
940,06/06/2022 , 11:30:00,10732,10732
941,06/06/2022 , 11:45:00,18705,18705
942,06/06/2022 , 12:00:00,6036,6036
943,06/06/2022 , 12:15:00,1695,1695
944,06/06/2022 , 12:30:00,1871,1871
945,06/06/2022 , 12:45:00,1821,1821
946,06/06/2022 , 13:00:00,1676,1676
947,06/06/2022 , 13:15:00,2014,2014
948,06/06/2022 , 13:30:00,1651,1651
949,06/06/2022 , 13:45:00,8868,8868
950,06/06/2022 , 14:00:00,4585,4585
951,06/06/2022 , 14:15:00,4163,4163
952,06/06/2022 , 14:30:00,3980,3980
953,06/06/2022 , 14:45:00,3847,3847
954,06/06/2022 , 15:00:00,4503,4503
955,06/06/2022 , 15:15:00,2218,2218
956,06/06/2022 , 15:30:00,4203,4203
957,06/06/2022 , 15:45:00,3229,3229
958,06/06/2022 , 16:00:00,3361,3361
959,06/06/2022 , 16:15:00,4504,4504
960,06/06/2022 , 16:30:00,7751,7751
961,06/06/2022 , 16:45:00,12169,12169
962,06/06/2022 , 17:00:00,6384,6384
963,06/06/2022 , 17:15:00,2193,2193
964,06/06/2022 , 17:30:00,2385,2385
965,06/06/2022 , 17:45:00,5840,5840
966,06/06/2022 , 18:00:00,1825,1825
967,06/06/2022 , 18:15:00,1437,1437
968,06/06/2022 , 18:30:00,1652,1652
969,06/06/2022 , 18:45:00,1360,1360
970,06/06/2022 , 19:00:00,1225,1225
971,06/06/2022 , 19:15:00,1060,1060
972,06/06/2022 , 19:30:00,1646,1646
973,06/06/2022 , 19:45:00,843,843
974,06/06/2022 , 20:00:00,965,965
975,06/06/2022 , 20:15:00,880,880
976,06/06/2022 , 20:30:00,659,659
977,06/06/2022 , 20:45:00,711,711
978,06/06/2022 , 21:00:00,735,735
979,06/06/2022 , 21:15:00,387,387
980,06/06/2022 , 21:30:00,342,342
981,06/06/2022 , 21:45:00,304,304
982,06/06/2022 , 22:00:00,256,256
983,06/06/2022 , 22:15:00,220,220
984,06/06/2022 , 22:30:00,192,192
985,06/06/2022 , 22:45:00,170,170
986,06/06/2022 , 23:00:00,141,141
987,06/06/2022 , 23:15:00,110,110
988,06/06/2022 , 23:30:00,85,85
989,06/06/2022 , 23:45:00,65,65
990,06/06/2022 , 24:00:00,51,51
991,07/06/2022 , 00:15:00,45,45
992,07/06/2022 , 00:30:00,36,36
993,07/06/2022 , 00:45:00,26,26
994,07/06/2022 , 01:00:00,18,18
995,07/06/2022 , 01:15:00,15,15
996,07/06/2022 , 01:30:00,14,14
997,07/06/2022 , 01:45:00,12,12
998,07/06/2022 , 02:00:00,12,12
999,07/06/2022 , 02:15:00,13,13
1000,07/06/2022 , 02:30:00,15,15
1001,07/06/2022 , 02:45:00,19,19
1002,07/06/2022 , 03:00:00,22,22
1003,07/06/2022 , 03:15:00,25,25
1004,07/06/2022 , 03:30:00,30,30
1005,07/06/2022 , 03:45:00,40,40
1006,07/06/2022 , 04:00:00,47,47
1007,07/06/2022 , 04:15:00,62,62
1008,07/06/2022 , 04:30:00,76,76
1009,07/06/2022 , 04:45:00,96,96
1010,07/06/2022 , 05:00:00,121,121
1011,07/06/2022 , 05:15:00,142,142
1012,07/06/2022 , 05:30:00,169,169
1013,07/06/2022 , 05:45:00,197,197
1014,07/06/2022 , 06:00:00,241,241
1015,07/06/2022 , 06:15:00,289,289
1016,07/06/2022 , 06:30:00,335,335
1017,07/06/2022 , 06:45:00,383,383
1018,07/06/2022 , 07:00:00,433,433
1019,07/06/2022 , 07:15:00,494,494
1020,07/06/2022 , 07:30:00,535,535
1021,07/06/2022 , 07:45:00,959,959
1022,07/06/2022 , 08:00:00,875,875
1023,07/06/2022 , 08:15:00,683,683
1024,07/06/2022 , 08:30:00,728,728
1025,07/06/2022 , 08:45:00,767,767
1026,07/06/2022 , 09:00:00,1147,1147
1027,07/06/2022 , 09:15:00,1374,1374
1028,07/06/2022 , 09:30:00,1208,1208
1029,07/06/2022 , 09:45:00,1156,1156
1030,07/06/2022 , 10:00:00,1021,1021
1031,07/06/2022 , 10:15:00,1658,1658
1032,07/06/2022 , 10:30:00,9914,9914
1033,07/06/2022 , 10:45:00,7817,7817
1034,07/06/2022 , 11:00:00,1700,1700
1035,07/06/2022 , 11:15:00,1547,1547
1036,07/06/2022 , 11:30:00,11343,11343
1037,07/06/2022 , 11:45:00,14452,14452
1038,07/06/2022 , 12:00:00,4810,4810
1039,07/06/2022 , 12:15:00,1934,1934
1040,07/06/2022 , 12:30:00,1748,1748
1041,07/06/2022 , 12:45:00,2014,2014
1042,07/06/2022 , 13:00:00,1693,1693
1043,07/06/2022 , 13:15:00,2403,2403
1044,07/06/2022 , 13:30:00,1658,1658
1045,07/06/2022 , 13:45:00,5245,5245
1046,07/06/2022 , 14:00:00,3799,3799
1047,07/06/2022 , 14:15:00,3756,3756
1048,07/06/2022 , 14:30:00,4190,4190
1049,07/06/2022 , 14:45:00,3386,3386
1050,07/06/2022 , 15:00:00,3699,3699
1051,07/06/2022 , 15:15:00,1928,1928
1052,07/06/2022 , 15:30:00,4009,4009
1053,07/06/2022 , 15:45:00,2742,2742
1054,07/06/2022 , 16:00:00,3546,3546
1055,07/06/2022 , 16:15:00,4695,4695
1056,07/06/2022 , 16:30:00,7710,7710
1057,07/06/2022 , 16:45:00,10188,10188
1058,07/06/2022 , 17:00:00,5961,5961
1059,07/06/2022 , 17:15:00,1962,1962
1060,07/06/2022 , 17:30:00,2429,2429
1061,07/06/2022 , 17:45:00,5921,5921
1062,07/06/2022 , 18:00:00,1551,1551
1063,07/06/2022 , 18:15:00,1436,1436
1064,07/06/2022 , 18:30:00,1652,1652
1065,07/06/2022 , 18:45:00,1301,1301
1066,07/06/2022 , 19:00:00,987,987
1067,07/06/2022 , 19:15:00,944,944
1068,07/06/2022 , 19:30:00,1799,1799
1069,07/06/2022 , 19:45:00,777,777
1070,07/06/2022 , 20:00:00,843,843
1071,07/06/2022 , 20:15:00,821,821
1072,07/06/2022 , 20:30:00,841,841
1073,07/06/2022 , 20:45:00,794,794
1074,07/06/2022 , 21:00:00,673,673
1075,07/06/2022 , 21:15:00,368,368
1076,07/06/2022 , 21:30:00,317,317
1077,07/06/2022 , 21:45:00,276,276
1078,07/06/2022 , 22:00:00,238,238
1079,07/06/2022 , 22:15:00,206,206
1080,07/06/2022 , 22:30:00,173,173
1081,07/06/2022 , 22:45:00,139,139
1082,07/06/2022 , 23:00:00,114,114
1083,07/06/2022 , 23:15:00,103,103
1084,07/06/2022 , 23:30:00,69,69
1085,07/06/2022 , 23:45:00,52,52
1086,07/06/2022 , 24:00:00,40,40
1087,08/06/2022 , 00:15:00,30,30
1088,08/06/2022 , 00:30:00,23,23
1089,08/06/2022 , 00:45:00,17,17
1090,08/06/2022 , 01:00:00,12,12
1091,08/06/2022 , 01:15:00,10,10
1092,08/06/2022 , 01:30:00,9,9
1093,08/06/2022 , 01:45:00,8,8
1094,08/06/2022 , 02:00:00,9,9
1095,08/06/2022 , 02:15:00,9,9
1096,08/06/2022 , 02:30:00,11,11
1097,08/06/2022 , 02:45:00,14,14
1098,08/06/2022 , 03:00:00,22,22
1099,08/06/2022 , 03:15:00,29,29
1100,08/06/2022 , 03:30:00,35,35
1101,08/06/2022 , 03:45:00,41,41
1102,08/06/2022 , 04:00:00,60,60
1103,08/06/2022 , 04:15:00,85,85
1104,08/06/2022 , 04:30:00,87,87
1105,08/06/2022 , 04:45:00,113,113
1106,08/06/2022 , 05:00:00,146,146
1107,08/06/2022 , 05:15:00,154,154
1108,08/06/2022 , 05:30:00,200,200
1109,08/06/2022 , 05:45:00,189,189
1110,08/06/2022 , 06:00:00,228,228
1111,08/06/2022 , 06:15:00,263,263
1112,08/06/2022 , 06:30:00,372,372
1113,08/06/2022 , 06:45:00,449,449
1114,08/06/2022 , 07:00:00,625,625
1115,08/06/2022 , 07:15:00,854,854
1116,08/06/2022 , 07:30:00,562,562
1117,08/06/2022 , 07:45:00,886,886
1118,08/06/2022 , 08:00:00,865,865
1119,08/06/2022 , 08:15:00,673,673
1120,08/06/2022 , 08:30:00,715,715
1121,08/06/2022 , 08:45:00,742,742
1122,08/06/2022 , 09:00:00,1308,1308
1123,08/06/2022 , 09:15:00,1805,1805
1124,08/06/2022 , 09:30:00,1373,1373
1125,08/06/2022 , 09:45:00,1257,1257
1126,08/06/2022 , 10:00:00,1000,1000
1127,08/06/2022 , 10:15:00,1507,1507
1128,08/06/2022 , 10:30:00,12418,12418
1129,08/06/2022 , 10:45:00,4863,4863
1130,08/06/2022 , 11:00:00,1531,1531
1131,08/06/2022 , 11:15:00,1583,1583
1132,08/06/2022 , 11:30:00,6625,6625
1133,08/06/2022 , 11:45:00,12732,12732
1134,08/06/2022 , 12:00:00,3532,3532
1135,08/06/2022 , 12:15:00,1680,1680
1136,08/06/2022 , 12:30:00,1950,1950
1137,08/06/2022 , 12:45:00,1844,1844
1138,08/06/2022 , 13:00:00,1979,1979
1139,08/06/2022 , 13:15:00,2740,2740
1140,08/06/2022 , 13:30:00,1760,1760
1141,08/06/2022 , 13:45:00,4672,4672
1142,08/06/2022 , 14:00:00,4108,4108
1143,08/06/2022 , 14:15:00,5259,5259
1144,08/06/2022 , 14:30:00,4337,4337
1145,08/06/2022 , 14:45:00,3238,3238
1146,08/06/2022 , 15:00:00,3420,3420
1147,08/06/2022 , 15:15:00,1934,1934
1148,08/06/2022 , 15:30:00,4893,4893
1149,08/06/2022 , 15:45:00,2275,2275
1150,08/06/2022 , 16:00:00,3660,3660
1151,08/06/2022 , 16:15:00,4066,4066
1152,08/06/2022 , 16:30:00,7497,7497
1153,08/06/2022 , 16:45:00,10731,10731
1154,08/06/2022 , 17:00:00,3606,3606
1155,08/06/2022 , 17:15:00,1690,1690
1156,08/06/2022 , 17:30:00,3343,3343
1157,08/06/2022 , 17:45:00,5018,5018
1158,08/06/2022 , 18:00:00,1391,1391
1159,08/06/2022 , 18:15:00,1187,1187
1160,08/06/2022 , 18:30:00,1562,1562
1161,08/06/2022 , 18:45:00,1294,1294
1162,08/06/2022 , 19:00:00,886,886
1163,08/06/2022 , 19:15:00,929,929
1164,08/06/2022 , 19:30:00,1524,1524
1165,08/06/2022 , 19:45:00,718,718
1166,08/06/2022 , 20:00:00,789,789
1167,08/06/2022 , 20:15:00,833,833
1168,08/06/2022 , 20:30:00,818,818
1169,08/06/2022 , 20:45:00,763,763
1170,08/06/2022 , 21:00:00,600,600
1171,08/06/2022 , 21:15:00,354,354
1172,08/06/2022 , 21:30:00,304,304
1173,08/06/2022 , 21:45:00,267,267
1174,08/06/2022 , 22:00:00,230,230
1175,08/06/2022 , 22:15:00,199,199
1176,08/06/2022 , 22:30:00,166,166
1177,08/06/2022 , 22:45:00,126,126
1178,08/06/2022 , 23:00:00,90,90
1179,08/06/2022 , 23:15:00,66,66
1180,08/06/2022 , 23:30:00,54,54
1181,08/06/2022 , 23:45:00,42,42
1182,08/06/2022 , 24:00:00,34,34
1183,09/06/2022 , 00:15:00,25,25
1184,09/06/2022 , 00:30:00,20,20
1185,09/06/2022 , 00:45:00,14,14
1186,09/06/2022 , 01:00:00,12,12
1187,09/06/2022 , 01:15:00,10,10
1188,09/06/2022 , 01:30:00,8,8
1189,09/06/2022 , 01:45:00,8,8
1190,09/06/2022 , 02:00:00,9,9
1191,09/06/2022 , 02:15:00,9,9
1192,09/06/2022 , 02:30:00,10,10
1193,09/06/2022 , 02:45:00,12,12
1194,09/06/2022 , 03:00:00,17,17
1195,09/06/2022 , 03:15:00,20,20
1196,09/06/2022 , 03:30:00,28,28
1197,09/06/2022 , 03:45:00,34,34
1198,09/06/2022 , 04:00:00,45,45
1199,09/06/2022 , 04:15:00,57,57
1200,09/06/2022 , 04:30:00,70,70
1201,09/06/2022 , 04:45:00,85,85
1202,09/06/2022 , 05:00:00,109,109
1203,09/06/2022 , 05:15:00,128,128
1204,09/06/2022 , 05:30:00,155,155
1205,09/06/2022 , 05:45:00,184,184
1206,09/06/2022 , 06:00:00,226,226
1207,09/06/2022 , 06:15:00,272,272
1208,09/06/2022 , 06:30:00,324,324
1209,09/06/2022 , 06:45:00,371,371
1210,09/06/2022 , 07:00:00,423,423
1211,09/06/2022 , 07:15:00,490,490
1212,09/06/2022 , 07:30:00,622,622
1213,09/06/2022 , 07:45:00,838,838
1214,09/06/2022 , 08:00:00,1023,1023
1215,09/06/2022 , 08:15:00,1065,1065
1216,09/06/2022 , 08:30:00,1095,1095
1217,09/06/2022 , 08:45:00,1257,1257
1218,09/06/2022 , 09:00:00,1385,1385
1219,09/06/2022 , 09:15:00,1736,1736
1220,09/06/2022 , 09:30:00,1662,1662
1221,09/06/2022 , 09:45:00,1335,1335
1222,09/06/2022 , 10:00:00,1733,1733
1223,09/06/2022 , 10:15:00,2200,2200
1224,09/06/2022 , 10:30:00,2157,2157
1225,09/06/2022 , 10:45:00,2759,2759
1226,09/06/2022 , 11:00:00,2654,2654
1227,09/06/2022 , 11:15:00,2589,2589
1228,09/06/2022 , 11:30:00,3738,3738
1229,09/06/2022 , 11:45:00,7704,7704
1230,09/06/2022 , 12:00:00,5192,5192
1231,09/06/2022 , 12:15:00,3000,3000
1232,09/06/2022 , 12:30:00,3522,3522
1233,09/06/2022 , 12:45:00,2853,2853
1234,09/06/2022 , 13:00:00,2547,2547
1235,09/06/2022 , 13:15:00,3018,3018
1236,09/06/2022 , 13:30:00,3117,3117
1237,09/06/2022 , 13:45:00,3604,3604
1238,09/06/2022 , 14:00:00,3659,3659
1239,09/06/2022 , 14:15:00,5149,5149
1240,09/06/2022 , 14:30:00,2654,2654
1241,09/06/2022 , 14:45:00,2116,2116
1242,09/06/2022 , 15:00:00,2686,2686
1243,09/06/2022 , 15:15:00,3317,3317
1244,09/06/2022 , 15:30:00,2181,2181
1245,09/06/2022 , 15:45:00,2832,2832
1246,09/06/2022 , 16:00:00,2349,2349
1247,09/06/2022 , 16:15:00,2201,2201
1248,09/06/2022 , 16:30:00,1873,1873
1249,09/06/2022 , 16:45:00,2062,2062
1250,09/06/2022 , 17:00:00,2723,2723
1251,09/06/2022 , 17:15:00,1613,1613
1252,09/06/2022 , 17:30:00,1519,1519
1253,09/06/2022 , 17:45:00,3069,3069
1254,09/06/2022 , 18:00:00,2343,2343
1255,09/06/2022 , 18:15:00,1711,1711
1256,09/06/2022 , 18:30:00,1707,1707
1257,09/06/2022 , 18:45:00,1185,1185
1258,09/06/2022 , 19:00:00,1064,1064
1259,09/06/2022 , 19:15:00,838,838
1260,09/06/2022 , 19:30:00,1142,1142
1261,09/06/2022 , 19:45:00,746,746
1262,09/06/2022 , 20:00:00,786,786
1263,09/06/2022 , 20:15:00,843,843
1264,09/06/2022 , 20:30:00,506,506
1265,09/06/2022 , 20:45:00,498,498
1266,09/06/2022 , 21:00:00,415,415
1267,09/06/2022 , 21:15:00,246,246
1268,09/06/2022 , 21:30:00,204,204
1269,09/06/2022 , 21:45:00,220,220
1270,09/06/2022 , 22:00:00,197,197
1271,09/06/2022 , 22:15:00,192,192
1272,09/06/2022 , 22:30:00,166,166
1273,09/06/2022 , 22:45:00,118,118
1274,09/06/2022 , 23:00:00,106,106
1275,09/06/2022 , 23:15:00,94,94
1276,09/06/2022 , 23:30:00,74,74
1277,09/06/2022 , 23:45:00,62,62
1278,09/06/2022 , 24:00:00,46,46
1279,10/06/2022 , 00:15:00,44,44
1280,10/06/2022 , 00:30:00,55,55
1281,10/06/2022 , 00:45:00,52,52
1282,10/06/2022 , 01:00:00,29,29
1283,10/06/2022 , 01:15:00,20,20
1284,10/06/2022 , 01:30:00,18,18
1285,10/06/2022 , 01:45:00,14,14
1286,10/06/2022 , 02:00:00,11,11
1287,10/06/2022 , 02:15:00,13,13
1288,10/06/2022 , 02:30:00,19,19
1289,10/06/2022 , 02:45:00,27,27
1290,10/06/2022 , 03:00:00,37,37
1291,10/06/2022 , 03:15:00,40,40
1292,10/06/2022 , 03:30:00,33,33
1293,10/06/2022 , 03:45:00,32,32
1294,10/06/2022 , 04:00:00,49,49
1295,10/06/2022 , 04:15:00,58,58
1296,10/06/2022 , 04:30:00,67,67
1297,10/06/2022 , 04:45:00,97,97
1298,10/06/2022 , 05:00:00,124,124
1299,10/06/2022 , 05:15:00,227,227
1300,10/06/2022 , 05:30:00,296,296
1301,10/06/2022 , 05:45:00,344,344
1302,10/06/2022 , 06:00:00,523,523
1303,10/06/2022 , 06:15:00,742,742
1304,10/06/2022 , 06:30:00,521,521
1305,10/06/2022 , 06:45:00,378,378
1306,10/06/2022 , 07:00:00,414,414
1307,10/06/2022 , 07:15:00,580,580
1308,10/06/2022 , 07:30:00,583,583
1309,10/06/2022 , 07:45:00,753,753
1310,10/06/2022 , 08:00:00,687,687
1311,10/06/2022 , 08:15:00,606,606
1312,10/06/2022 , 08:30:00,669,669
1313,10/06/2022 , 08:45:00,659,659
1314,10/06/2022 , 09:00:00,783,783
1315,10/06/2022 , 09:15:00,664,664
1316,10/06/2022 , 09:30:00,495,495
1317,10/06/2022 , 09:45:00,668,668
1318,10/06/2022 , 10:00:00,905,905
1319,10/06/2022 , 10:15:00,1163,1163
1320,10/06/2022 , 10:30:00,1499,1499
1321,10/06/2022 , 10:45:00,1508,1508
1322,10/06/2022 , 11:00:00,1804,1804
1323,10/06/2022 , 11:15:00,2087,2087
1324,10/06/2022 , 11:30:00,2403,2403
1325,10/06/2022 , 11:45:00,2133,2133
1326,10/06/2022 , 12:00:00,2121,2121
1327,10/06/2022 , 12:15:00,2146,2146
1328,10/06/2022 , 12:30:00,2094,2094
1329,10/06/2022 , 12:45:00,1894,1894
1330,10/06/2022 , 13:00:00,1639,1639
1331,10/06/2022 , 13:15:00,1366,1366
1332,10/06/2022 , 13:30:00,1084,1084
1333,10/06/2022 , 13:45:00,1116,1116
1334,10/06/2022 , 14:00:00,1002,1002
1335,10/06/2022 , 14:15:00,825,825
1336,10/06/2022 , 14:30:00,864,864
1337,10/06/2022 , 14:45:00,1002,1002
1338,10/06/2022 , 15:00:00,1011,1011
1339,10/06/2022 , 15:15:00,1065,1065
1340,10/06/2022 , 15:30:00,1212,1212
1341,10/06/2022 , 15:45:00,1268,1268
1342,10/06/2022 , 16:00:00,1190,1190
1343,10/06/2022 , 16:15:00,1141,1141
1344,10/06/2022 , 16:30:00,1456,1456
1345,10/06/2022 , 16:45:00,1590,1590
1346,10/06/2022 , 17:00:00,1833,1833
1347,10/06/2022 , 17:15:00,2782,2782
1348,10/06/2022 , 17:30:00,2156,2156
1349,10/06/2022 , 17:45:00,1371,1371
1350,10/06/2022 , 18:00:00,1607,1607
1351,10/06/2022 , 18:15:00,1793,1793
1352,10/06/2022 , 18:30:00,1471,1471
1353,10/06/2022 , 18:45:00,1369,1369
1354,10/06/2022 , 19:00:00,1331,1331
1355,10/06/2022 , 19:15:00,1484,1484
1356,10/06/2022 , 19:30:00,1772,1772
1357,10/06/2022 , 19:45:00,847,847
1358,10/06/2022 , 20:00:00,737,737
1359,10/06/2022 , 20:15:00,1003,1003
1360,10/06/2022 , 20:30:00,782,782
1361,10/06/2022 , 20:45:00,796,796
1362,10/06/2022 , 21:00:00,774,774
1363,10/06/2022 , 21:15:00,223,223
1364,10/06/2022 , 21:30:00,281,281
1365,10/06/2022 , 21:45:00,378,378
1366,10/06/2022 , 22:00:00,341,341
1367,10/06/2022 , 22:15:00,278,278
1368,10/06/2022 , 22:30:00,316,316
1369,10/06/2022 , 22:45:00,238,238
1370,10/06/2022 , 23:00:00,171,171
1371,10/06/2022 , 23:15:00,91,91
1372,10/06/2022 , 23:30:00,44,44
1373,10/06/2022 , 23:45:00,34,34
1374,10/06/2022 , 24:00:00,23,23
1375,11/06/2022 , 00:15:00,17,17
1376,11/06/2022 , 00:30:00,20,20
1377,11/06/2022 , 00:45:00,19,19
1378,11/06/2022 , 01:00:00,15,15
1379,11/06/2022 , 01:15:00,14,14
1380,11/06/2022 , 01:30:00,12,12
1381,11/06/2022 , 01:45:00,10,10
1382,11/06/2022 , 02:00:00,10,10
1383,11/06/2022 , 02:15:00,7,7
1384,11/06/2022 , 02:30:00,7,7
1385,11/06/2022 , 02:45:00,6,6
1386,11/06/2022 , 03:00:00,9,9
1387,11/06/2022 , 03:15:00,16,16
1388,11/06/2022 , 03:30:00,18,18
1389,11/06/2022 , 03:45:00,19,19
1390,11/06/2022 , 04:00:00,22,22
1391,11/06/2022 , 04:15:00,44,44
1392,11/06/2022 , 04:30:00,69,69
1393,11/06/2022 , 04:45:00,96,96
1394,11/06/2022 , 05:00:00,121,121
1395,11/06/2022 , 05:15:00,166,166
1396,11/06/2022 , 05:30:00,247,247
1397,11/06/2022 , 05:45:00,318,318
1398,11/06/2022 , 06:00:00,348,348
1399,11/06/2022 , 06:15:00,347,347
1400,11/06/2022 , 06:30:00,472,472
1401,11/06/2022 , 06:45:00,681,681
1402,11/06/2022 , 07:00:00,754,754
1403,11/06/2022 , 07:15:00,784,784
1404,11/06/2022 , 07:30:00,778,778
1405,11/06/2022 , 07:45:00,718,718
1406,11/06/2022 , 08:00:00,555,555
1407,11/06/2022 , 08:15:00,530,530
1408,11/06/2022 , 08:30:00,620,620
1409,11/06/2022 , 08:45:00,781,781
1410,11/06/2022 , 09:00:00,1099,1099
1411,11/06/2022 , 09:15:00,1979,1979
1412,11/06/2022 , 09:30:00,999,999
1413,11/06/2022 , 09:45:00,1596,1596
1414,11/06/2022 , 10:00:00,1345,1345
1415,11/06/2022 , 10:15:00,1134,1134
1416,11/06/2022 , 10:30:00,8435,8435
1417,11/06/2022 , 10:45:00,6800,6800
1418,11/06/2022 , 11:00:00,1467,1467
1419,11/06/2022 , 11:15:00,1441,1441
1420,11/06/2022 , 11:30:00,4022,4022
1421,11/06/2022 , 11:45:00,6853,6853
1422,11/06/2022 , 12:00:00,2155,2155
1423,11/06/2022 , 12:15:00,1572,1572
1424,11/06/2022 , 12:30:00,1775,1775
1425,11/06/2022 , 12:45:00,1619,1619
1426,11/06/2022 , 13:00:00,1847,1847
1427,11/06/2022 , 13:15:00,5334,5334
1428,11/06/2022 , 13:30:00,1891,1891
1429,11/06/2022 , 13:45:00,2909,2909
1430,11/06/2022 , 14:00:00,4673,4673
1431,11/06/2022 , 14:15:00,4983,4983
1432,11/06/2022 , 14:30:00,5715,5715
1433,11/06/2022 , 14:45:00,2767,2767
1434,11/06/2022 , 15:00:00,2400,2400
1435,11/06/2022 , 15:15:00,1938,1938
1436,11/06/2022 , 15:30:00,4264,4264
1437,11/06/2022 , 15:45:00,2445,2445
1438,11/06/2022 , 16:00:00,4268,4268
1439,11/06/2022 , 16:15:00,1653,1653
1440,11/06/2022 , 16:30:00,6593,6593
1441,11/06/2022 , 16:45:00,9502,9502
1442,11/06/2022 , 17:00:00,3083,3083
1443,11/06/2022 , 17:15:00,1539,1539
1444,11/06/2022 , 17:30:00,1620,1620
1445,11/06/2022 , 17:45:00,5060,5060
1446,11/06/2022 , 18:00:00,1506,1506
1447,11/06/2022 , 18:15:00,1317,1317
1448,11/06/2022 , 18:30:00,1322,1322
1449,11/06/2022 , 18:45:00,1394,1394
1450,11/06/2022 , 19:00:00,1115,1115
1451,11/06/2022 , 19:15:00,1165,1165
1452,11/06/2022 , 19:30:00,786,786
1453,11/06/2022 , 19:45:00,672,672
1454,11/06/2022 , 20:00:00,950,950
1455,11/06/2022 , 20:15:00,795,795
1456,11/06/2022 , 20:30:00,658,658
1457,11/06/2022 , 20:45:00,517,517
1458,11/06/2022 , 21:00:00,544,544
1459,11/06/2022 , 21:15:00,388,388
1460,11/06/2022 , 21:30:00,330,330
1461,11/06/2022 , 21:45:00,272,272
1462,11/06/2022 , 22:00:00,232,232
1463,11/06/2022 , 22:15:00,191,191
1464,11/06/2022 , 22:30:00,154,154
1465,11/06/2022 , 22:45:00,119,119
1466,11/06/2022 , 23:00:00,105,105
1467,11/06/2022 , 23:15:00,87,87
1468,11/06/2022 , 23:30:00,64,64
1469,11/06/2022 , 23:45:00,48,48
1470,11/06/2022 , 24:00:00,35,35
1471,12/06/2022 , 00:15:00,26,26
1472,12/06/2022 , 00:30:00,20,20
1473,12/06/2022 , 00:45:00,15,15
1474,12/06/2022 , 01:00:00,11,11
1475,12/06/2022 , 01:15:00,9,9
1476,12/06/2022 , 01:30:00,9,9
1477,12/06/2022 , 01:45:00,8,8
1478,12/06/2022 , 02:00:00,8,8
1479,12/06/2022 , 02:15:00,10,10
1480,12/06/2022 , 02:30:00,10,10
1481,12/06/2022 , 02:45:00,12,12
1482,12/06/2022 , 03:00:00,15,15
1483,12/06/2022 , 03:15:00,19,19
1484,12/06/2022 , 03:30:00,26,26
1485,12/06/2022 , 03:45:00,36,36
1486,12/06/2022 , 04:00:00,48,48
1487,12/06/2022 , 04:15:00,65,65
1488,12/06/2022 , 04:30:00,85,85
1489,12/06/2022 , 04:45:00,106,106
1490,12/06/2022 , 05:00:00,129,129
1491,12/06/2022 , 05:15:00,149,149
1492,12/06/2022 , 05:30:00,174,174
1493,12/06/2022 , 05:45:00,215,215
1494,12/06/2022 , 06:00:00,239,239
1495,12/06/2022 , 06:15:00,275,275
1496,12/06/2022 , 06:30:00,308,308
1497,12/06/2022 , 06:45:00,365,365
1498,12/06/2022 , 07:00:00,431,431
1499,12/06/2022 , 07:15:00,485,485
1500,12/06/2022 , 07:30:00,555,555
1501,12/06/2022 , 07:45:00,623,623
1502,12/06/2022 , 08:00:00,723,723
1503,12/06/2022 , 08:15:00,818,818
1504,12/06/2022 , 08:30:00,891,891
1505,12/06/2022 , 08:45:00,1018,1018
1506,12/06/2022 , 09:00:00,1092,1092
1507,12/06/2022 , 09:15:00,1174,1174
1508,12/06/2022 , 09:30:00,1232,1232
1509,12/06/2022 , 09:45:00,1319,1319
1510,12/06/2022 , 10:00:00,1357,1357
1511,12/06/2022 , 10:15:00,1362,1362
1512,12/06/2022 , 10:30:00,1707,1707
1513,12/06/2022 , 10:45:00,1928,1928
1514,12/06/2022 , 11:00:00,1840,1840
1515,12/06/2022 , 11:15:00,1816,1816
1516,12/06/2022 , 11:30:00,2006,2006
1517,12/06/2022 , 11:45:00,2612,2612
1518,12/06/2022 , 12:00:00,2331,2331
1519,12/06/2022 , 12:15:00,2266,2266
1520,12/06/2022 , 12:30:00,2329,2329
1521,12/06/2022 , 12:45:00,2445,2445
1522,12/06/2022 , 13:00:00,2562,2562
1523,12/06/2022 , 13:15:00,2939,2939
1524,12/06/2022 , 13:30:00,2533,2533
1525,12/06/2022 , 13:45:00,2553,2553
1526,12/06/2022 , 14:00:00,2777,2777
1527,12/06/2022 , 14:15:00,2713,2713
1528,12/06/2022 , 14:30:00,2890,2890
1529,12/06/2022 , 14:45:00,2697,2697
1530,12/06/2022 , 15:00:00,2649,2649
1531,12/06/2022 , 15:15:00,2596,2596
1532,12/06/2022 , 15:30:00,2845,2845
1533,12/06/2022 , 15:45:00,2537,2537
1534,12/06/2022 , 16:00:00,2721,2721
1535,12/06/2022 , 16:15:00,2838,2838
1536,12/06/2022 , 16:30:00,3144,3144
1537,12/06/2022 , 16:45:00,3437,3437
1538,12/06/2022 , 17:00:00,2324,2324
1539,12/06/2022 , 17:15:00,1969,1969
1540,12/06/2022 , 17:30:00,2031,2031
1541,12/06/2022 , 17:45:00,2222,2222
1542,12/06/2022 , 18:00:00,1337,1337
1543,12/06/2022 , 18:15:00,1351,1351
1544,12/06/2022 , 18:30:00,1603,1603
1545,12/06/2022 , 18:45:00,1535,1535
1546,12/06/2022 , 19:00:00,1452,1452
1547,12/06/2022 , 19:15:00,1232,1232
1548,12/06/2022 , 19:30:00,1140,1140
1549,12/06/2022 , 19:45:00,1001,1001
1550,12/06/2022 , 20:00:00,807,807
1551,12/06/2022 , 20:15:00,657,657
1552,12/06/2022 , 20:30:00,637,637
1553,12/06/2022 , 20:45:00,603,603
1554,12/06/2022 , 21:00:00,497,497
1555,12/06/2022 , 21:15:00,409,409
1556,12/06/2022 , 21:30:00,347,347
1557,12/06/2022 , 21:45:00,292,292
1558,12/06/2022 , 22:00:00,243,243
1559,12/06/2022 , 22:15:00,195,195
1560,12/06/2022 , 22:30:00,159,159
1561,12/06/2022 , 22:45:00,128,128
1562,12/06/2022 , 23:00:00,100,100
1563,12/06/2022 , 23:15:00,75,75
1564,12/06/2022 , 23:30:00,58,58
1565,12/06/2022 , 23:45:00,39,39
1566,12/06/2022 , 24:00:00,30,30
1567,13/06/2022 , 00:15:00,22,22
1568,13/06/2022 , 00:30:00,18,18
1569,13/06/2022 , 00:45:00,14,14
1570,13/06/2022 , 01:00:00,11,11
1571,13/06/2022 , 01:15:00,9,9
1572,13/06/2022 , 01:30:00,8,8
1573,13/06/2022 , 01:45:00,8,8
1574,13/06/2022 , 02:00:00,7,7
1575,13/06/2022 , 02:15:00,8,8
1576,13/06/2022 , 02:30:00,9,9
1577,13/06/2022 , 02:45:00,11,11
1578,13/06/2022 , 03:00:00,14,14
1579,13/06/2022 , 03:15:00,18,18
1580,13/06/2022 , 03:30:00,22,22
1581,13/06/2022 , 03:45:00,30,30
1582,13/06/2022 , 04:00:00,41,41
1583,13/06/2022 , 04:15:00,56,56
1584,13/06/2022 , 04:30:00,61,61
1585,13/06/2022 , 04:45:00,78,78
1586,13/06/2022 , 05:00:00,102,102
1587,13/06/2022 , 05:15:00,99,99
1588,13/06/2022 , 05:30:00,101,101
1589,13/06/2022 , 05:45:00,136,136
1590,13/06/2022 , 06:00:00,181,181
1591,13/06/2022 , 06:15:00,244,244
1592,13/06/2022 , 06:30:00,321,321
1593,13/06/2022 , 06:45:00,414,414
1594,13/06/2022 , 07:00:00,513,513
1595,13/06/2022 , 07:15:00,590,590
1596,13/06/2022 , 07:30:00,679,679
1597,13/06/2022 , 07:45:00,686,686
1598,13/06/2022 , 08:00:00,998,998
1599,13/06/2022 , 08:15:00,1159,1159
1600,13/06/2022 , 08:30:00,957,957
1601,13/06/2022 , 08:45:00,958,958
1602,13/06/2022 , 09:00:00,1265,1265
1603,13/06/2022 , 09:15:00,1598,1598
1604,13/06/2022 , 09:30:00,1290,1290
1605,13/06/2022 , 09:45:00,1617,1617
1606,13/06/2022 , 10:00:00,1578,1578
1607,13/06/2022 , 10:15:00,1504,1504
1608,13/06/2022 , 10:30:00,4423,4423
1609,13/06/2022 , 10:45:00,3240,3240
1610,13/06/2022 , 11:00:00,1835,1835
1611,13/06/2022 , 11:15:00,1887,1887
1612,13/06/2022 , 11:30:00,2209,2209
1613,13/06/2022 , 11:45:00,5074,5074
1614,13/06/2022 , 12:00:00,2640,2640
1615,13/06/2022 , 12:15:00,2144,2144
1616,13/06/2022 , 12:30:00,2287,2287
1617,13/06/2022 , 12:45:00,2079,2079
1618,13/06/2022 , 13:00:00,2234,2234
1619,13/06/2022 , 13:15:00,2590,2590
1620,13/06/2022 , 13:30:00,1657,1657
1621,13/06/2022 , 13:45:00,1285,1285
1622,13/06/2022 , 14:00:00,980,980
1623,13/06/2022 , 14:15:00,1574,1574
1624,13/06/2022 , 14:30:00,1881,1881
1625,13/06/2022 , 14:45:00,1740,1740
1626,13/06/2022 , 15:00:00,2328,2328
1627,13/06/2022 , 15:15:00,1723,1723
1628,13/06/2022 , 15:30:00,1733,1733
1629,13/06/2022 , 15:45:00,1233,1233
1630,13/06/2022 , 16:00:00,1468,1468
1631,13/06/2022 , 16:15:00,1268,1268
1632,13/06/2022 , 16:30:00,3707,3707
1633,13/06/2022 , 16:45:00,4672,4672
1634,13/06/2022 , 17:00:00,2716,2716
1635,13/06/2022 , 17:15:00,1932,1932
1636,13/06/2022 , 17:30:00,1914,1914
1637,13/06/2022 , 17:45:00,1394,1394
1638,13/06/2022 , 18:00:00,1236,1236
