Site Name ,AZ2
Site Number ,123
Logger ,Integrating Light Sensor
Logger Serial Number ,7922


Scan No ,Date and Time,       Integrating Light,        ,
        ,        ,RAW VALUE ,CALIBRATED VALUE,

1,15/07/2022 , 13:00:00,3541,3541
2,15/07/2022 , 13:15:00,3772,3772
3,15/07/2022 , 13:30:00,4478,4478
4,15/07/2022 , 13:45:00,5841,5841
5,15/07/2022 , 14:00:00,8614,8614
6,15/07/2022 , 14:15:00,5636,5636
7,15/07/2022 , 14:30:00,8572,8572
8,15/07/2022 , 14:45:00,9626,9626
9,15/07/2022 , 15:00:00,13476,13476
10,15/07/2022 , 15:15:00,11233,11233
11,15/07/2022 , 15:30:00,3509,3509
12,15/07/2022 , 15:45:00,2370,2370
13,15/07/2022 , 16:00:00,2267,2267
14,15/07/2022 , 16:15:00,2438,2438
15,15/07/2022 , 16:30:00,1796,1796
16,15/07/2022 , 16:45:00,1203,1203
17,15/07/2022 , 17:00:00,1799,1799
18,15/07/2022 , 17:15:00,1819,1819
19,15/07/2022 , 17:30:00,1277,1277
20,15/07/2022 , 17:45:00,904,904
21,15/07/2022 , 18:00:00,724,724
22,15/07/2022 , 18:15:00,659,659
23,15/07/2022 , 18:30:00,490,490
24,15/07/2022 , 18:45:00,453,453
25,15/07/2022 , 19:00:00,407,407
26,15/07/2022 , 19:15:00,523,523
27,15/07/2022 , 19:30:00,428,428
28,15/07/2022 , 19:45:00,234,234
29,15/07/2022 , 20:00:00,266,266
30,15/07/2022 , 20:15:00,433,433
31,15/07/2022 , 20:30:00,378,378
32,15/07/2022 , 20:45:00,298,298
33,15/07/2022 , 21:00:00,276,276
34,15/07/2022 , 21:15:00,201,201
35,15/07/2022 , 21:30:00,398,398
36,15/07/2022 , 21:45:00,275,275
37,15/07/2022 , 22:00:00,353,353
38,15/07/2022 , 22:15:00,314,314
39,15/07/2022 , 22:30:00,141,141
40,15/07/2022 , 22:45:00,141,141
41,15/07/2022 , 23:00:00,111,111
42,15/07/2022 , 23:15:00,73,73
43,15/07/2022 , 23:30:00,36,36
44,15/07/2022 , 23:45:00,32,32
45,15/07/2022 , 24:00:00,21,21
46,16/07/2022 , 00:15:00,14,14
47,16/07/2022 , 00:30:00,11,11
48,16/07/2022 , 00:45:00,9,9
49,16/07/2022 , 01:00:00,6,6
50,16/07/2022 , 01:15:00,3,3
51,16/07/2022 , 01:30:00,4,4
52,16/07/2022 , 01:45:00,2,2
53,16/07/2022 , 02:00:00,2,2
54,16/07/2022 , 02:15:00,1,1
55,16/07/2022 , 02:30:00,1,1
56,16/07/2022 , 02:45:00,3,3
57,16/07/2022 , 03:00:00,3,3
58,16/07/2022 , 03:15:00,4,4
59,16/07/2022 , 03:30:00,7,7
60,16/07/2022 , 03:45:00,12,12
61,16/07/2022 , 04:00:00,20,20
62,16/07/2022 , 04:15:00,24,24
63,16/07/2022 , 04:30:00,33,33
64,16/07/2022 , 04:45:00,36,36
65,16/07/2022 , 05:00:00,36,36
66,16/07/2022 , 05:15:00,46,46
67,16/07/2022 , 05:30:00,91,91
68,16/07/2022 , 05:45:00,91,91
69,16/07/2022 , 06:00:00,154,154
70,16/07/2022 , 06:15:00,261,261
71,16/07/2022 , 06:30:00,185,185
72,16/07/2022 , 06:45:00,126,126
73,16/07/2022 , 07:00:00,150,150
74,16/07/2022 , 07:15:00,284,284
75,16/07/2022 , 07:30:00,227,227
76,16/07/2022 , 07:45:00,215,215
77,16/07/2022 , 08:00:00,317,317
78,16/07/2022 , 08:15:00,339,339
79,16/07/2022 , 08:30:00,399,399
80,16/07/2022 , 08:45:00,413,413
81,16/07/2022 , 09:00:00,387,387
82,16/07/2022 , 09:15:00,404,404
83,16/07/2022 , 09:30:00,399,399
84,16/07/2022 , 09:45:00,451,451
85,16/07/2022 , 10:00:00,737,737
86,16/07/2022 , 10:15:00,806,806
87,16/07/2022 , 10:30:00,915,915
88,16/07/2022 , 10:45:00,1351,1351
89,16/07/2022 , 11:00:00,1936,1936
90,16/07/2022 , 11:15:00,1959,1959
91,16/07/2022 , 11:30:00,2046,2046
92,16/07/2022 , 11:45:00,2277,2277
93,16/07/2022 , 12:00:00,2554,2554
94,16/07/2022 , 12:15:00,1855,1855
95,16/07/2022 , 12:30:00,1646,1646
96,16/07/2022 , 12:45:00,1894,1894
97,16/07/2022 , 13:00:00,2624,2624
98,16/07/2022 , 13:15:00,2827,2827
99,16/07/2022 , 13:30:00,7390,7390
100,16/07/2022 , 13:45:00,10122,10122
101,16/07/2022 , 14:00:00,9235,9235
102,16/07/2022 , 14:15:00,23524,23524
103,16/07/2022 , 14:30:00,10365,10365
104,16/07/2022 , 14:45:00,10494,10494
105,16/07/2022 , 15:00:00,13780,13780
106,16/07/2022 , 15:15:00,19723,19723
107,16/07/2022 , 15:30:00,4888,4888
108,16/07/2022 , 15:45:00,4357,4357
109,16/07/2022 , 16:00:00,4249,4249
110,16/07/2022 , 16:15:00,4581,4581
111,16/07/2022 , 16:30:00,2848,2848
112,16/07/2022 , 16:45:00,2351,2351
113,16/07/2022 , 17:00:00,3956,3956
114,16/07/2022 , 17:15:00,2385,2385
115,16/07/2022 , 17:30:00,2445,2445
116,16/07/2022 , 17:45:00,2491,2491
117,16/07/2022 , 18:00:00,3290,3290
118,16/07/2022 , 18:15:00,2632,2632
119,16/07/2022 , 18:30:00,2414,2414
120,16/07/2022 , 18:45:00,3306,3306
121,16/07/2022 , 19:00:00,1751,1751
122,16/07/2022 , 19:15:00,2206,2206
123,16/07/2022 , 19:30:00,3017,3017
124,16/07/2022 , 19:45:00,3637,3637
125,16/07/2022 , 20:00:00,2742,2742
126,16/07/2022 , 20:15:00,2282,2282
127,16/07/2022 , 20:30:00,1297,1297
128,16/07/2022 , 20:45:00,510,510
129,16/07/2022 , 21:00:00,460,460
130,16/07/2022 , 21:15:00,676,676
131,16/07/2022 , 21:30:00,342,342
132,16/07/2022 , 21:45:00,330,330
133,16/07/2022 , 22:00:00,427,427
134,16/07/2022 , 22:15:00,353,353
135,16/07/2022 , 22:30:00,231,231
136,16/07/2022 , 22:45:00,185,185
137,16/07/2022 , 23:00:00,221,221
138,16/07/2022 , 23:15:00,182,182
139,16/07/2022 , 23:30:00,135,135
140,16/07/2022 , 23:45:00,74,74
141,16/07/2022 , 24:00:00,30,30
142,17/07/2022 , 00:15:00,20,20
143,17/07/2022 , 00:30:00,12,12
144,17/07/2022 , 00:45:00,7,7
145,17/07/2022 , 01:00:00,5,5
146,17/07/2022 , 01:15:00,4,4
147,17/07/2022 , 01:30:00,3,3
148,17/07/2022 , 01:45:00,2,2
149,17/07/2022 , 02:00:00,2,2
150,17/07/2022 , 02:15:00,2,2
151,17/07/2022 , 02:30:00,1,1
152,17/07/2022 , 02:45:00,2,2
153,17/07/2022 , 03:00:00,1,1
154,17/07/2022 , 03:15:00,1,1
155,17/07/2022 , 03:30:00,4,4
156,17/07/2022 , 03:45:00,5,5
157,17/07/2022 , 04:00:00,12,12
158,17/07/2022 , 04:15:00,21,21
159,17/07/2022 , 04:30:00,28,28
160,17/07/2022 , 04:45:00,39,39
161,17/07/2022 , 05:00:00,47,47
162,17/07/2022 , 05:15:00,59,59
163,17/07/2022 , 05:30:00,132,132
164,17/07/2022 , 05:45:00,239,239
165,17/07/2022 , 06:00:00,305,305
166,17/07/2022 , 06:15:00,217,217
167,17/07/2022 , 06:30:00,164,164
168,17/07/2022 , 06:45:00,278,278
169,17/07/2022 , 07:00:00,240,240
170,17/07/2022 , 07:15:00,264,264
171,17/07/2022 , 07:30:00,307,307
172,17/07/2022 , 07:45:00,334,334
173,17/07/2022 , 08:00:00,597,597
174,17/07/2022 , 08:15:00,544,544
175,17/07/2022 , 08:30:00,396,396
176,17/07/2022 , 08:45:00,1024,1024
177,17/07/2022 , 09:00:00,1046,1046
178,17/07/2022 , 09:15:00,1259,1259
179,17/07/2022 , 09:30:00,1475,1475
180,17/07/2022 , 09:45:00,1878,1878
181,17/07/2022 , 10:00:00,2595,2595
182,17/07/2022 , 10:15:00,2194,2194
183,17/07/2022 , 10:30:00,2826,2826
184,17/07/2022 , 10:45:00,3197,3197
185,17/07/2022 , 11:00:00,3232,3232
186,17/07/2022 , 11:15:00,2716,2716
187,17/07/2022 , 11:30:00,3290,3290
188,17/07/2022 , 11:45:00,3198,3198
189,17/07/2022 , 12:00:00,3123,3123
190,17/07/2022 , 12:15:00,3696,3696
191,17/07/2022 , 12:30:00,3555,3555
192,17/07/2022 , 12:45:00,3968,3968
193,17/07/2022 , 13:00:00,4084,4084
194,17/07/2022 , 13:15:00,1855,1855
195,17/07/2022 , 13:30:00,633,633
196,17/07/2022 , 13:45:00,2664,2664
197,17/07/2022 , 14:00:00,2695,2695
198,17/07/2022 , 14:15:00,2977,2977
199,17/07/2022 , 14:30:00,7470,7470
200,17/07/2022 , 14:45:00,12173,12173
201,17/07/2022 , 15:00:00,15484,15484
202,17/07/2022 , 15:15:00,13658,13658
203,17/07/2022 , 15:30:00,9564,9564
204,17/07/2022 , 15:45:00,7463,7463
205,17/07/2022 , 16:00:00,4552,4552
206,17/07/2022 , 16:15:00,4516,4516
207,17/07/2022 , 16:30:00,4476,4476
208,17/07/2022 , 16:45:00,3034,3034
209,17/07/2022 , 17:00:00,4233,4233
210,17/07/2022 , 17:15:00,5010,5010
211,17/07/2022 , 17:30:00,3816,3816
212,17/07/2022 , 17:45:00,4042,4042
213,17/07/2022 , 18:00:00,3680,3680
214,17/07/2022 , 18:15:00,3147,3147
215,17/07/2022 , 18:30:00,2325,2325
216,17/07/2022 , 18:45:00,2457,2457
217,17/07/2022 , 19:00:00,2917,2917
218,17/07/2022 , 19:15:00,3196,3196
219,17/07/2022 , 19:30:00,2474,2474
220,17/07/2022 , 19:45:00,1690,1690
221,17/07/2022 , 20:00:00,1647,1647
222,17/07/2022 , 20:15:00,955,955
223,17/07/2022 , 20:30:00,1015,1015
224,17/07/2022 , 20:45:00,1122,1122
225,17/07/2022 , 21:00:00,855,855
226,17/07/2022 , 21:15:00,660,660
227,17/07/2022 , 21:30:00,595,595
228,17/07/2022 , 21:45:00,480,480
229,17/07/2022 , 22:00:00,387,387
230,17/07/2022 , 22:15:00,376,376
231,17/07/2022 , 22:30:00,268,268
232,17/07/2022 , 22:45:00,174,174
233,17/07/2022 , 23:00:00,134,134
234,17/07/2022 , 23:15:00,102,102
235,17/07/2022 , 23:30:00,83,83
236,17/07/2022 , 23:45:00,62,62
237,17/07/2022 , 24:00:00,45,45
238,18/07/2022 , 00:15:00,29,29
239,18/07/2022 , 00:30:00,18,18
240,18/07/2022 , 00:45:00,10,10
241,18/07/2022 , 01:00:00,8,8
242,18/07/2022 , 01:15:00,5,5
243,18/07/2022 , 01:30:00,3,3
244,18/07/2022 , 01:45:00,3,3
245,18/07/2022 , 02:00:00,2,2
246,18/07/2022 , 02:15:00,1,1
247,18/07/2022 , 02:30:00,3,3
248,18/07/2022 , 02:45:00,3,3
249,18/07/2022 , 03:00:00,4,4
250,18/07/2022 , 03:15:00,7,7
251,18/07/2022 , 03:30:00,11,11
252,18/07/2022 , 03:45:00,19,19
253,18/07/2022 , 04:00:00,33,33
254,18/07/2022 , 04:15:00,45,45
255,18/07/2022 , 04:30:00,65,65
256,18/07/2022 , 04:45:00,92,92
257,18/07/2022 , 05:00:00,148,148
258,18/07/2022 , 05:15:00,251,251
259,18/07/2022 , 05:30:00,276,276
260,18/07/2022 , 05:45:00,295,295
261,18/07/2022 , 06:00:00,349,349
262,18/07/2022 , 06:15:00,348,348
263,18/07/2022 , 06:30:00,247,247
264,18/07/2022 , 06:45:00,318,318
265,18/07/2022 , 07:00:00,292,292
266,18/07/2022 , 07:15:00,299,299
267,18/07/2022 , 07:30:00,345,345
268,18/07/2022 , 07:45:00,194,194
269,18/07/2022 , 08:00:00,214,214
270,18/07/2022 , 08:15:00,389,389
271,18/07/2022 , 08:30:00,402,402
272,18/07/2022 , 08:45:00,502,502
273,18/07/2022 , 09:00:00,796,796
274,18/07/2022 , 09:15:00,835,835
275,18/07/2022 , 09:30:00,1046,1046
276,18/07/2022 , 09:45:00,1576,1576
277,18/07/2022 , 10:00:00,1982,1982
278,18/07/2022 , 10:15:00,2502,2502
279,18/07/2022 , 10:30:00,3344,3344
280,18/07/2022 , 10:45:00,2916,2916
281,18/07/2022 , 11:00:00,3030,3030
282,18/07/2022 , 11:15:00,3942,3942
283,18/07/2022 , 11:30:00,3224,3224
284,18/07/2022 , 11:45:00,1838,1838
285,18/07/2022 , 12:00:00,2146,2146
286,18/07/2022 , 12:15:00,2500,2500
287,18/07/2022 , 12:30:00,3446,3446
288,18/07/2022 , 12:45:00,4652,4652
289,18/07/2022 , 13:00:00,5902,5902
290,18/07/2022 , 13:15:00,5208,5208
291,18/07/2022 , 13:30:00,6078,6078
292,18/07/2022 , 13:45:00,4571,4571
293,18/07/2022 , 14:00:00,14644,14644
294,18/07/2022 , 14:15:00,3291,3291
295,18/07/2022 , 14:30:00,4776,4776
296,18/07/2022 , 14:45:00,6204,6204
297,18/07/2022 , 15:00:00,8499,8499
298,18/07/2022 , 15:15:00,2556,2556
299,18/07/2022 , 15:30:00,2024,2024
300,18/07/2022 , 15:45:00,2881,2881
301,18/07/2022 , 16:00:00,3619,3619
302,18/07/2022 , 16:15:00,3762,3762
303,18/07/2022 , 16:30:00,4374,4374
304,18/07/2022 , 16:45:00,10765,10765
305,18/07/2022 , 17:00:00,4680,4680
306,18/07/2022 , 17:15:00,3133,3133
307,18/07/2022 , 17:30:00,2696,2696
308,18/07/2022 , 17:45:00,3233,3233
309,18/07/2022 , 18:00:00,1996,1996
310,18/07/2022 , 18:15:00,3355,3355
311,18/07/2022 , 18:30:00,3480,3480
312,18/07/2022 , 18:45:00,2788,2788
313,18/07/2022 , 19:00:00,5213,5213
314,18/07/2022 , 19:15:00,10694,10694
315,18/07/2022 , 19:30:00,10517,10517
316,18/07/2022 , 19:45:00,3210,3210
317,18/07/2022 , 20:00:00,3877,3877
318,18/07/2022 , 20:15:00,2454,2454
319,18/07/2022 , 20:30:00,1835,1835
320,18/07/2022 , 20:45:00,1328,1328
321,18/07/2022 , 21:00:00,1150,1150
322,18/07/2022 , 21:15:00,1202,1202
323,18/07/2022 , 21:30:00,1052,1052
324,18/07/2022 , 21:45:00,832,832
325,18/07/2022 , 22:00:00,621,621
326,18/07/2022 , 22:15:00,451,451
327,18/07/2022 , 22:30:00,291,291
328,18/07/2022 , 22:45:00,193,193
329,18/07/2022 , 23:00:00,90,90
330,18/07/2022 , 23:15:00,49,49
331,18/07/2022 , 23:30:00,36,36
332,18/07/2022 , 23:45:00,25,25
333,18/07/2022 , 24:00:00,19,19
334,19/07/2022 , 00:15:00,15,15
335,19/07/2022 , 00:30:00,10,10
336,19/07/2022 , 00:45:00,5,5
337,19/07/2022 , 01:00:00,3,3
338,19/07/2022 , 01:15:00,2,2
339,19/07/2022 , 01:30:00,1,1
340,19/07/2022 , 01:45:00,0,0
341,19/07/2022 , 02:00:00,0,0
342,19/07/2022 , 02:15:00,0,0
343,19/07/2022 , 02:30:00,0,0
344,19/07/2022 , 02:45:00,0,0
345,19/07/2022 , 03:00:00,0,0
346,19/07/2022 , 03:15:00,2,2
347,19/07/2022 , 03:30:00,3,3
348,19/07/2022 , 03:45:00,5,5
349,19/07/2022 , 04:00:00,7,7
350,19/07/2022 , 04:15:00,9,9
351,19/07/2022 , 04:30:00,12,12
352,19/07/2022 , 04:45:00,18,18
353,19/07/2022 , 05:00:00,34,34
354,19/07/2022 , 05:15:00,39,39
355,19/07/2022 , 05:30:00,44,44
356,19/07/2022 , 05:45:00,57,57
357,19/07/2022 , 06:00:00,112,112
358,19/07/2022 , 06:15:00,108,108
359,19/07/2022 , 06:30:00,177,177
360,19/07/2022 , 06:45:00,228,228
361,19/07/2022 , 07:00:00,298,298
362,19/07/2022 , 07:15:00,373,373
363,19/07/2022 , 07:30:00,447,447
364,19/07/2022 , 07:45:00,405,405
365,19/07/2022 , 08:00:00,514,514
366,19/07/2022 , 08:15:00,951,951
367,19/07/2022 , 08:30:00,1327,1327
368,19/07/2022 , 08:45:00,1927,1927
369,19/07/2022 , 09:00:00,2280,2280
370,19/07/2022 , 09:15:00,2254,2254
371,19/07/2022 , 09:30:00,1548,1548
372,19/07/2022 , 09:45:00,1388,1388
373,19/07/2022 , 10:00:00,2038,2038
374,19/07/2022 , 10:15:00,2494,2494
375,19/07/2022 , 10:30:00,2357,2357
376,19/07/2022 , 10:45:00,4046,4046
377,19/07/2022 , 11:00:00,3074,3074
378,19/07/2022 , 11:15:00,4807,4807
379,19/07/2022 , 11:30:00,4931,4931
380,19/07/2022 , 11:45:00,4839,4839
381,19/07/2022 , 12:00:00,5776,5776
382,19/07/2022 , 12:15:00,5066,5066
383,19/07/2022 , 12:30:00,5358,5358
384,19/07/2022 , 12:45:00,5307,5307
385,19/07/2022 , 13:00:00,5962,5962
386,19/07/2022 , 13:15:00,6862,6862
387,19/07/2022 , 13:30:00,9239,9239
388,19/07/2022 , 13:45:00,6999,6999
389,19/07/2022 , 14:00:00,7384,7384
390,19/07/2022 , 14:15:00,3425,3425
391,19/07/2022 , 14:30:00,2915,2915
392,19/07/2022 , 14:45:00,3492,3492
393,19/07/2022 , 15:00:00,8184,8184
394,19/07/2022 , 15:15:00,5438,5438
395,19/07/2022 , 15:30:00,3972,3972
396,19/07/2022 , 15:45:00,4182,4182
397,19/07/2022 , 16:00:00,3561,3561
398,19/07/2022 , 16:15:00,3293,3293
399,19/07/2022 , 16:30:00,2734,2734
400,19/07/2022 , 16:45:00,4935,4935
401,19/07/2022 , 17:00:00,5039,5039
402,19/07/2022 , 17:15:00,4091,4091
403,19/07/2022 , 17:30:00,3245,3245
404,19/07/2022 , 17:45:00,2805,2805
405,19/07/2022 , 18:00:00,2653,2653
406,19/07/2022 , 18:15:00,2974,2974
407,19/07/2022 , 18:30:00,2577,2577
408,19/07/2022 , 18:45:00,4739,4739
409,19/07/2022 , 19:00:00,17863,17863
410,19/07/2022 , 19:15:00,4867,4867
411,19/07/2022 , 19:30:00,2305,2305
412,19/07/2022 , 19:45:00,2017,2017
413,19/07/2022 , 20:00:00,1601,1601
414,19/07/2022 , 20:15:00,1757,1757
415,19/07/2022 , 20:30:00,1464,1464
416,19/07/2022 , 20:45:00,1550,1550
417,19/07/2022 , 21:00:00,1525,1525
418,19/07/2022 , 21:15:00,950,950
419,19/07/2022 , 21:30:00,739,739
420,19/07/2022 , 21:45:00,694,694
421,19/07/2022 , 22:00:00,469,469
422,19/07/2022 , 22:15:00,449,449
423,19/07/2022 , 22:30:00,374,374
424,19/07/2022 , 22:45:00,281,281
425,19/07/2022 , 23:00:00,252,252
426,19/07/2022 , 23:15:00,218,218
427,19/07/2022 , 23:30:00,174,174
428,19/07/2022 , 23:45:00,105,105
429,19/07/2022 , 24:00:00,61,61
430,20/07/2022 , 00:15:00,43,43
431,20/07/2022 , 00:30:00,28,28
432,20/07/2022 , 00:45:00,19,19
433,20/07/2022 , 01:00:00,7,7
434,20/07/2022 , 01:15:00,4,4
435,20/07/2022 , 01:30:00,2,2
436,20/07/2022 , 01:45:00,2,2
437,20/07/2022 , 02:00:00,1,1
438,20/07/2022 , 02:15:00,2,2
439,20/07/2022 , 02:30:00,2,2
440,20/07/2022 , 02:45:00,2,2
441,20/07/2022 , 03:00:00,3,3
442,20/07/2022 , 03:15:00,6,6
443,20/07/2022 , 03:30:00,12,12
444,20/07/2022 , 03:45:00,21,21
445,20/07/2022 , 04:00:00,30,30
446,20/07/2022 , 04:15:00,41,41
447,20/07/2022 , 04:30:00,58,58
448,20/07/2022 , 04:45:00,86,86
449,20/07/2022 , 05:00:00,113,113
450,20/07/2022 , 05:15:00,143,143
451,20/07/2022 , 05:30:00,161,161
452,20/07/2022 , 05:45:00,244,244
453,20/07/2022 , 06:00:00,434,434
454,20/07/2022 , 06:15:00,616,616
455,20/07/2022 , 06:30:00,549,549
456,20/07/2022 , 06:45:00,585,585
457,20/07/2022 , 07:00:00,496,496
458,20/07/2022 , 07:15:00,548,548
459,20/07/2022 , 07:30:00,795,795
460,20/07/2022 , 07:45:00,1209,1209
461,20/07/2022 , 08:00:00,1603,1603
462,20/07/2022 , 08:15:00,1529,1529
463,20/07/2022 , 08:30:00,1478,1478
464,20/07/2022 , 08:45:00,1531,1531
465,20/07/2022 , 09:00:00,1676,1676
466,20/07/2022 , 09:15:00,1995,1995
467,20/07/2022 , 09:30:00,2618,2618
468,20/07/2022 , 09:45:00,3201,3201
469,20/07/2022 , 10:00:00,2846,2846
470,20/07/2022 , 10:15:00,2881,2881
471,20/07/2022 , 10:30:00,3559,3559
472,20/07/2022 , 10:45:00,4180,4180
473,20/07/2022 , 11:00:00,3818,3818
474,20/07/2022 , 11:15:00,3325,3325
475,20/07/2022 , 11:30:00,7397,7397
476,20/07/2022 , 11:45:00,5611,5611
477,20/07/2022 , 12:00:00,3840,3840
478,20/07/2022 , 12:15:00,3895,3895
479,20/07/2022 , 12:30:00,4187,4187
480,20/07/2022 , 12:45:00,3574,3574
481,20/07/2022 , 13:00:00,3919,3919
482,20/07/2022 , 13:15:00,4873,4873
483,20/07/2022 , 13:30:00,5294,5294
484,20/07/2022 , 13:45:00,24918,24918
485,20/07/2022 , 14:00:00,17808,17808
486,20/07/2022 , 14:15:00,31852,31852
487,20/07/2022 , 14:30:00,27274,27274
488,20/07/2022 , 14:45:00,10202,10202
489,20/07/2022 , 15:00:00,25803,25803
490,20/07/2022 , 15:15:00,19834,19834
491,20/07/2022 , 15:30:00,6944,6944
492,20/07/2022 , 15:45:00,7577,7577
493,20/07/2022 , 16:00:00,6509,6509
494,20/07/2022 , 16:15:00,2752,2752
495,20/07/2022 , 16:30:00,3686,3686
496,20/07/2022 , 16:45:00,6808,6808
497,20/07/2022 , 17:00:00,7265,7265
498,20/07/2022 , 17:15:00,2972,2972
499,20/07/2022 , 17:30:00,3342,3342
500,20/07/2022 , 17:45:00,3343,3343
501,20/07/2022 , 18:00:00,3242,3242
502,20/07/2022 , 18:15:00,3243,3243
503,20/07/2022 , 18:30:00,3245,3245
504,20/07/2022 , 18:45:00,3019,3019
505,20/07/2022 , 19:00:00,2407,2407
506,20/07/2022 , 19:15:00,2379,2379
507,20/07/2022 , 19:30:00,2001,2001
508,20/07/2022 , 19:45:00,1633,1633
509,20/07/2022 , 20:00:00,2755,2755
510,20/07/2022 , 20:15:00,2591,2591
511,20/07/2022 , 20:30:00,1379,1379
512,20/07/2022 , 20:45:00,1313,1313
513,20/07/2022 , 21:00:00,923,923
514,20/07/2022 , 21:15:00,487,487
515,20/07/2022 , 21:30:00,751,751
516,20/07/2022 , 21:45:00,778,778
517,20/07/2022 , 22:00:00,563,563
518,20/07/2022 , 22:15:00,479,479
519,20/07/2022 , 22:30:00,383,383
520,20/07/2022 , 22:45:00,288,288
521,20/07/2022 , 23:00:00,200,200
522,20/07/2022 , 23:15:00,164,164
523,20/07/2022 , 23:30:00,104,104
524,20/07/2022 , 23:45:00,52,52
525,20/07/2022 , 24:00:00,31,31
526,21/07/2022 , 00:15:00,14,14
527,21/07/2022 , 00:30:00,8,8
528,21/07/2022 , 00:45:00,4,4
529,21/07/2022 , 01:00:00,2,2
530,21/07/2022 , 01:15:00,1,1
531,21/07/2022 , 01:30:00,1,1
532,21/07/2022 , 01:45:00,1,1
533,21/07/2022 , 02:00:00,0,0
534,21/07/2022 , 02:15:00,1,1
535,21/07/2022 , 02:30:00,1,1
536,21/07/2022 , 02:45:00,2,2
537,21/07/2022 , 03:00:00,2,2
538,21/07/2022 , 03:15:00,4,4
539,21/07/2022 , 03:30:00,7,7
540,21/07/2022 , 03:45:00,12,12
541,21/07/2022 , 04:00:00,21,21
542,21/07/2022 , 04:15:00,36,36
543,21/07/2022 , 04:30:00,56,56
544,21/07/2022 , 04:45:00,79,79
545,21/07/2022 , 05:00:00,107,107
546,21/07/2022 , 05:15:00,141,141
547,21/07/2022 , 05:30:00,188,188
548,21/07/2022 , 05:45:00,340,340
549,21/07/2022 , 06:00:00,470,470
550,21/07/2022 , 06:15:00,712,712
551,21/07/2022 , 06:30:00,771,771
552,21/07/2022 , 06:45:00,1004,1004
553,21/07/2022 , 07:00:00,1042,1042
554,21/07/2022 , 07:15:00,1280,1280
555,21/07/2022 , 07:30:00,1646,1646
556,21/07/2022 , 07:45:00,1443,1443
557,21/07/2022 , 08:00:00,1722,1722
558,21/07/2022 , 08:15:00,2413,2413
559,21/07/2022 , 08:30:00,2569,2569
560,21/07/2022 , 08:45:00,2227,2227
561,21/07/2022 , 09:00:00,2501,2501
562,21/07/2022 , 09:15:00,2573,2573
563,21/07/2022 , 09:30:00,1940,1940
564,21/07/2022 , 09:45:00,2663,2663
565,21/07/2022 , 10:00:00,3680,3680
566,21/07/2022 , 10:15:00,3822,3822
567,21/07/2022 , 10:30:00,3412,3412
568,21/07/2022 , 10:45:00,3217,3217
569,21/07/2022 , 11:00:00,3562,3562
570,21/07/2022 , 11:15:00,3478,3478
571,21/07/2022 , 11:30:00,3039,3039
572,21/07/2022 , 11:45:00,4010,4010
573,21/07/2022 , 12:00:00,4761,4761
574,21/07/2022 , 12:15:00,4433,4433
575,21/07/2022 , 12:30:00,3525,3525
576,21/07/2022 , 12:45:00,3426,3426
577,21/07/2022 , 13:00:00,3428,3428
578,21/07/2022 , 13:15:00,4228,4228
579,21/07/2022 , 13:30:00,5064,5064
580,21/07/2022 , 13:45:00,8897,8897
581,21/07/2022 , 14:00:00,10874,10874
582,21/07/2022 , 14:15:00,6330,6330
583,21/07/2022 , 14:30:00,3742,3742
584,21/07/2022 , 14:45:00,3679,3679
585,21/07/2022 , 15:00:00,3755,3755
586,21/07/2022 , 15:15:00,5212,5212
587,21/07/2022 , 15:30:00,6101,6101
588,21/07/2022 , 15:45:00,5973,5973
589,21/07/2022 , 16:00:00,5638,5638
590,21/07/2022 , 16:15:00,6567,6567
591,21/07/2022 , 16:30:00,5093,5093
592,21/07/2022 , 16:45:00,7386,7386
593,21/07/2022 , 17:00:00,6641,6641
594,21/07/2022 , 17:15:00,4595,4595
595,21/07/2022 , 17:30:00,3711,3711
596,21/07/2022 , 17:45:00,5730,5730
597,21/07/2022 , 18:00:00,2549,2549
598,21/07/2022 , 18:15:00,3023,3023
599,21/07/2022 , 18:30:00,4717,4717
600,21/07/2022 , 18:45:00,17468,17468
601,21/07/2022 , 19:00:00,9803,9803
602,21/07/2022 , 19:15:00,2993,2993
603,21/07/2022 , 19:30:00,4156,4156
604,21/07/2022 , 19:45:00,2995,2995
605,21/07/2022 , 20:00:00,2129,2129
606,21/07/2022 , 20:15:00,1652,1652
607,21/07/2022 , 20:30:00,1392,1392
608,21/07/2022 , 20:45:00,1312,1312
609,21/07/2022 , 21:00:00,1306,1306
610,21/07/2022 , 21:15:00,796,796
611,21/07/2022 , 21:30:00,249,249
612,21/07/2022 , 21:45:00,91,91
613,21/07/2022 , 22:00:00,134,134
614,21/07/2022 , 22:15:00,293,293
615,21/07/2022 , 22:30:00,335,335
616,21/07/2022 , 22:45:00,107,107
617,21/07/2022 , 23:00:00,40,40
618,21/07/2022 , 23:15:00,48,48
619,21/07/2022 , 23:30:00,25,25
620,21/07/2022 , 23:45:00,34,34
621,21/07/2022 , 24:00:00,19,19
622,22/07/2022 , 00:15:00,9,9
623,22/07/2022 , 00:30:00,6,6
624,22/07/2022 , 00:45:00,3,3
625,22/07/2022 , 01:00:00,2,2
626,22/07/2022 , 01:15:00,1,1
627,22/07/2022 , 01:30:00,0,0
628,22/07/2022 , 01:45:00,0,0
629,22/07/2022 , 02:00:00,0,0
630,22/07/2022 , 02:15:00,0,0
631,22/07/2022 , 02:30:00,0,0
632,22/07/2022 , 02:45:00,0,0
633,22/07/2022 , 03:00:00,0,0
634,22/07/2022 , 03:15:00,1,1
635,22/07/2022 , 03:30:00,4,4
636,22/07/2022 , 03:45:00,6,6
637,22/07/2022 , 04:00:00,11,11
638,22/07/2022 , 04:15:00,18,18
639,22/07/2022 , 04:30:00,30,30
640,22/07/2022 , 04:45:00,52,52
641,22/07/2022 , 05:00:00,74,74
642,22/07/2022 , 05:15:00,112,112
643,22/07/2022 , 05:30:00,153,153
644,22/07/2022 , 05:45:00,227,227
645,22/07/2022 , 06:00:00,312,312
646,22/07/2022 , 06:15:00,385,385
647,22/07/2022 , 06:30:00,421,421
648,22/07/2022 , 06:45:00,484,484
649,22/07/2022 , 07:00:00,358,358
650,22/07/2022 , 07:15:00,334,334
651,22/07/2022 , 07:30:00,391,391
652,22/07/2022 , 07:45:00,505,505
653,22/07/2022 , 08:00:00,622,622
654,22/07/2022 , 08:15:00,748,748
655,22/07/2022 , 08:30:00,738,738
656,22/07/2022 , 08:45:00,661,661
657,22/07/2022 , 09:00:00,856,856
658,22/07/2022 , 09:15:00,1157,1157
659,22/07/2022 , 09:30:00,981,981
660,22/07/2022 , 09:45:00,1074,1074
661,22/07/2022 , 10:00:00,1439,1439
662,22/07/2022 , 10:15:00,1862,1862
663,22/07/2022 , 10:30:00,2611,2611
664,22/07/2022 , 10:45:00,2744,2744
665,22/07/2022 , 11:00:00,3322,3322
666,22/07/2022 , 11:15:00,3157,3157
667,22/07/2022 , 11:30:00,3663,3663
668,22/07/2022 , 11:45:00,3684,3684
669,22/07/2022 , 12:00:00,5388,5388
670,22/07/2022 , 12:15:00,5027,5027
671,22/07/2022 , 12:30:00,4965,4965
672,22/07/2022 , 12:45:00,3091,3091
673,22/07/2022 , 13:00:00,3074,3074
674,22/07/2022 , 13:15:00,3117,3117
675,22/07/2022 , 13:30:00,5029,5029
676,22/07/2022 , 13:45:00,4491,4491
677,22/07/2022 , 14:00:00,3111,3111
678,22/07/2022 , 14:15:00,3760,3760
679,22/07/2022 , 14:30:00,5992,5992
680,22/07/2022 , 14:45:00,6242,6242
681,22/07/2022 , 15:00:00,6219,6219
682,22/07/2022 , 15:15:00,6849,6849
683,22/07/2022 , 15:30:00,8776,8776
684,22/07/2022 , 15:45:00,4814,4814
685,22/07/2022 , 16:00:00,4423,4423
686,22/07/2022 , 16:15:00,4013,4013
687,22/07/2022 , 16:30:00,4141,4141
688,22/07/2022 , 16:45:00,4709,4709
689,22/07/2022 , 17:00:00,6021,6021
690,22/07/2022 , 17:15:00,3624,3624
691,22/07/2022 , 17:30:00,3261,3261
692,22/07/2022 , 17:45:00,3449,3449
693,22/07/2022 , 18:00:00,3218,3218
694,22/07/2022 , 18:15:00,3129,3129
695,22/07/2022 , 18:30:00,3110,3110
696,22/07/2022 , 18:45:00,3926,3926
697,22/07/2022 , 19:00:00,3851,3851
698,22/07/2022 , 19:15:00,4423,4423
699,22/07/2022 , 19:30:00,2648,2648
700,22/07/2022 , 19:45:00,1574,1574
701,22/07/2022 , 20:00:00,2662,2662
702,22/07/2022 , 20:15:00,1018,1018
703,22/07/2022 , 20:30:00,1407,1407
704,22/07/2022 , 20:45:00,1179,1179
705,22/07/2022 , 21:00:00,816,816
706,22/07/2022 , 21:15:00,951,951
707,22/07/2022 , 21:30:00,1024,1024
708,22/07/2022 , 21:45:00,805,805
709,22/07/2022 , 22:00:00,610,610
710,22/07/2022 , 22:15:00,618,618
711,22/07/2022 , 22:30:00,555,555
712,22/07/2022 , 22:45:00,424,424
713,22/07/2022 , 23:00:00,288,288
714,22/07/2022 , 23:15:00,173,173
715,22/07/2022 , 23:30:00,85,85
716,22/07/2022 , 23:45:00,46,46
717,22/07/2022 , 24:00:00,23,23
718,23/07/2022 , 00:15:00,13,13
719,23/07/2022 , 00:30:00,6,6
720,23/07/2022 , 00:45:00,4,4
721,23/07/2022 , 01:00:00,1,1
722,23/07/2022 , 01:15:00,1,1
723,23/07/2022 , 01:30:00,1,1
724,23/07/2022 , 01:45:00,0,0
725,23/07/2022 , 02:00:00,0,0
726,23/07/2022 , 02:15:00,0,0
727,23/07/2022 , 02:30:00,0,0
728,23/07/2022 , 02:45:00,1,1
729,23/07/2022 , 03:00:00,1,1
730,23/07/2022 , 03:15:00,2,2
731,23/07/2022 , 03:30:00,4,4
732,23/07/2022 , 03:45:00,7,7
733,23/07/2022 , 04:00:00,15,15
734,23/07/2022 , 04:15:00,28,28
735,23/07/2022 , 04:30:00,49,49
736,23/07/2022 , 04:45:00,75,75
737,23/07/2022 , 05:00:00,97,97
738,23/07/2022 , 05:15:00,149,149
739,23/07/2022 , 05:30:00,173,173
740,23/07/2022 , 05:45:00,197,197
741,23/07/2022 , 06:00:00,236,236
742,23/07/2022 , 06:15:00,386,386
743,23/07/2022 , 06:30:00,510,510
744,23/07/2022 , 06:45:00,603,603
745,23/07/2022 , 07:00:00,604,604
746,23/07/2022 , 07:15:00,653,653
747,23/07/2022 , 07:30:00,689,689
748,23/07/2022 , 07:45:00,820,820
749,23/07/2022 , 08:00:00,889,889
750,23/07/2022 , 08:15:00,1070,1070
751,23/07/2022 , 08:30:00,1278,1278
752,23/07/2022 , 08:45:00,1555,1555
753,23/07/2022 , 09:00:00,1641,1641
754,23/07/2022 , 09:15:00,1817,1817
755,23/07/2022 , 09:30:00,1912,1912
756,23/07/2022 , 09:45:00,2009,2009
757,23/07/2022 , 10:00:00,2127,2127
758,23/07/2022 , 10:15:00,2305,2305
759,23/07/2022 , 10:30:00,2466,2466
760,23/07/2022 , 10:45:00,2634,2634
761,23/07/2022 , 11:00:00,3055,3055
762,23/07/2022 , 11:15:00,3226,3226
763,23/07/2022 , 11:30:00,7892,7892
764,23/07/2022 , 11:45:00,3326,3326
765,23/07/2022 , 12:00:00,3217,3217
766,23/07/2022 , 12:15:00,5364,5364
767,23/07/2022 , 12:30:00,3877,3877
768,23/07/2022 , 12:45:00,2924,2924
769,23/07/2022 , 13:00:00,3371,3371
770,23/07/2022 , 13:15:00,3075,3075
771,23/07/2022 , 13:30:00,4129,4129
772,23/07/2022 , 13:45:00,15305,15305
773,23/07/2022 , 14:00:00,27864,27864
774,23/07/2022 , 14:15:00,39828,39828
775,23/07/2022 , 14:30:00,23283,23283
776,23/07/2022 , 14:45:00,6711,6711
777,23/07/2022 , 15:00:00,18077,18077
778,23/07/2022 , 15:15:00,17209,17209
779,23/07/2022 , 15:30:00,3465,3465
780,23/07/2022 , 15:45:00,4510,4510
781,23/07/2022 , 16:00:00,3749,3749
782,23/07/2022 , 16:15:00,4221,4221
783,23/07/2022 , 16:30:00,3597,3597
784,23/07/2022 , 16:45:00,5105,5105
785,23/07/2022 , 17:00:00,3564,3564
786,23/07/2022 , 17:15:00,2605,2605
787,23/07/2022 , 17:30:00,2133,2133
788,23/07/2022 , 17:45:00,2344,2344
789,23/07/2022 , 18:00:00,3557,3557
790,23/07/2022 , 18:15:00,3871,3871
791,23/07/2022 , 18:30:00,7352,7352
792,23/07/2022 , 18:45:00,13851,13851
793,23/07/2022 , 19:00:00,16448,16448
794,23/07/2022 , 19:15:00,5205,5205
795,23/07/2022 , 19:30:00,8693,8693
796,23/07/2022 , 19:45:00,4154,4154
797,23/07/2022 , 20:00:00,2909,2909
798,23/07/2022 , 20:15:00,1769,1769
799,23/07/2022 , 20:30:00,1484,1484
800,23/07/2022 , 20:45:00,947,947
801,23/07/2022 , 21:00:00,413,413
802,23/07/2022 , 21:15:00,440,440
803,23/07/2022 , 21:30:00,495,495
804,23/07/2022 , 21:45:00,391,391
805,23/07/2022 , 22:00:00,339,339
806,23/07/2022 , 22:15:00,272,272
807,23/07/2022 , 22:30:00,232,232
808,23/07/2022 , 22:45:00,192,192
809,23/07/2022 , 23:00:00,150,150
810,23/07/2022 , 23:15:00,113,113
811,23/07/2022 , 23:30:00,80,80
812,23/07/2022 , 23:45:00,58,58
813,23/07/2022 , 24:00:00,51,51
814,24/07/2022 , 00:15:00,19,19
815,24/07/2022 , 00:30:00,9,9
816,24/07/2022 , 00:45:00,4,4
817,24/07/2022 , 01:00:00,1,1
818,24/07/2022 , 01:15:00,0,0
819,24/07/2022 , 01:30:00,0,0
820,24/07/2022 , 01:45:00,0,0
821,24/07/2022 , 02:00:00,0,0
822,24/07/2022 , 02:15:00,0,0
823,24/07/2022 , 02:30:00,0,0
824,24/07/2022 , 02:45:00,0,0
825,24/07/2022 , 03:00:00,1,1
826,24/07/2022 , 03:15:00,2,2
827,24/07/2022 , 03:30:00,3,3
828,24/07/2022 , 03:45:00,5,5
829,24/07/2022 , 04:00:00,8,8
830,24/07/2022 , 04:15:00,15,15
831,24/07/2022 , 04:30:00,31,31
832,24/07/2022 , 04:45:00,51,51
833,24/07/2022 , 05:00:00,80,80
834,24/07/2022 , 05:15:00,124,124
835,24/07/2022 , 05:30:00,175,175
836,24/07/2022 , 05:45:00,193,193
837,24/07/2022 , 06:00:00,190,190
838,24/07/2022 , 06:15:00,193,193
839,24/07/2022 , 06:30:00,249,249
840,24/07/2022 , 06:45:00,353,353
841,24/07/2022 , 07:00:00,448,448
842,24/07/2022 , 07:15:00,530,530
843,24/07/2022 , 07:30:00,580,580
844,24/07/2022 , 07:45:00,646,646
845,24/07/2022 , 08:00:00,733,733
846,24/07/2022 , 08:15:00,877,877
847,24/07/2022 , 08:30:00,1037,1037
848,24/07/2022 , 08:45:00,1202,1202
849,24/07/2022 , 09:00:00,1321,1321
850,24/07/2022 , 09:15:00,1466,1466
851,24/07/2022 , 09:30:00,1496,1496
852,24/07/2022 , 09:45:00,1600,1600
853,24/07/2022 , 10:00:00,1685,1685
854,24/07/2022 , 10:15:00,1811,1811
855,24/07/2022 , 10:30:00,2115,2115
856,24/07/2022 , 10:45:00,2009,2009
857,24/07/2022 , 11:00:00,2166,2166
858,24/07/2022 , 11:15:00,4155,4155
859,24/07/2022 , 11:30:00,4235,4235
860,24/07/2022 , 11:45:00,2302,2302
861,24/07/2022 , 12:00:00,2340,2340
862,24/07/2022 , 12:15:00,3411,3411
863,24/07/2022 , 12:30:00,2283,2283
864,24/07/2022 , 12:45:00,2755,2755
865,24/07/2022 , 13:00:00,2471,2471
866,24/07/2022 , 13:15:00,2515,2515
867,24/07/2022 , 13:30:00,4619,4619
868,24/07/2022 , 13:45:00,25815,25815
869,24/07/2022 , 14:00:00,35375,35375
870,24/07/2022 , 14:15:00,34705,34705
871,24/07/2022 , 14:30:00,21917,21917
872,24/07/2022 , 14:45:00,3821,3821
873,24/07/2022 , 15:00:00,2845,2845
874,24/07/2022 , 15:15:00,27582,27582
875,24/07/2022 , 15:30:00,15882,15882
876,24/07/2022 , 15:45:00,4868,4868
877,24/07/2022 , 16:00:00,5036,5036
878,24/07/2022 , 16:15:00,4950,4950
879,24/07/2022 , 16:30:00,4918,4918
880,24/07/2022 , 16:45:00,3500,3500
881,24/07/2022 , 17:00:00,3459,3459
882,24/07/2022 , 17:15:00,2660,2660
883,24/07/2022 , 17:30:00,2266,2266
884,24/07/2022 , 17:45:00,2250,2250
885,24/07/2022 , 18:00:00,2021,2021
886,24/07/2022 , 18:15:00,3367,3367
887,24/07/2022 , 18:30:00,5114,5114
888,24/07/2022 , 18:45:00,13183,13183
889,24/07/2022 , 19:00:00,19789,19789
890,24/07/2022 , 19:15:00,5525,5525
891,24/07/2022 , 19:30:00,8143,8143
892,24/07/2022 , 19:45:00,6205,6205
893,24/07/2022 , 20:00:00,2858,2858
894,24/07/2022 , 20:15:00,1688,1688
895,24/07/2022 , 20:30:00,1160,1160
896,24/07/2022 , 20:45:00,1338,1338
897,24/07/2022 , 21:00:00,1118,1118
898,24/07/2022 , 21:15:00,992,992
899,24/07/2022 , 21:30:00,684,684
900,24/07/2022 , 21:45:00,468,468
901,24/07/2022 , 22:00:00,407,407
902,24/07/2022 , 22:15:00,328,328
903,24/07/2022 , 22:30:00,176,176
904,24/07/2022 , 22:45:00,148,148
905,24/07/2022 , 23:00:00,108,108
906,24/07/2022 , 23:15:00,56,56
907,24/07/2022 , 23:30:00,49,49
908,24/07/2022 , 23:45:00,20,20
909,24/07/2022 , 24:00:00,8,8
910,25/07/2022 , 00:15:00,6,6
911,25/07/2022 , 00:30:00,2,2
912,25/07/2022 , 00:45:00,0,0
913,25/07/2022 , 01:00:00,0,0
914,25/07/2022 , 01:15:00,0,0
915,25/07/2022 , 01:30:00,0,0
916,25/07/2022 , 01:45:00,0,0
917,25/07/2022 , 02:00:00,0,0
918,25/07/2022 , 02:15:00,0,0
919,25/07/2022 , 02:30:00,0,0
920,25/07/2022 , 02:45:00,0,0
921,25/07/2022 , 03:00:00,0,0
922,25/07/2022 , 03:15:00,0,0
923,25/07/2022 , 03:30:00,2,2
924,25/07/2022 , 03:45:00,6,6
925,25/07/2022 , 04:00:00,13,13
926,25/07/2022 , 04:15:00,33,33
927,25/07/2022 , 04:30:00,42,42
928,25/07/2022 , 04:45:00,61,61
929,25/07/2022 , 05:00:00,121,121
930,25/07/2022 , 05:15:00,145,145
931,25/07/2022 , 05:30:00,179,179
932,25/07/2022 , 05:45:00,207,207
933,25/07/2022 , 06:00:00,172,172
934,25/07/2022 , 06:15:00,238,238
935,25/07/2022 , 06:30:00,597,597
936,25/07/2022 , 06:45:00,616,616
937,25/07/2022 , 07:00:00,719,719
938,25/07/2022 , 07:15:00,808,808
939,25/07/2022 , 07:30:00,1289,1289
940,25/07/2022 , 07:45:00,1727,1727
941,25/07/2022 , 08:00:00,1661,1661
942,25/07/2022 , 08:15:00,1761,1761
943,25/07/2022 , 08:30:00,1750,1750
944,25/07/2022 , 08:45:00,1888,1888
945,25/07/2022 , 09:00:00,1996,1996
946,25/07/2022 , 09:15:00,2242,2242
947,25/07/2022 , 09:30:00,2689,2689
948,25/07/2022 , 09:45:00,2634,2634
949,25/07/2022 , 10:00:00,2995,2995
950,25/07/2022 , 10:15:00,3333,3333
951,25/07/2022 , 10:30:00,3102,3102
952,25/07/2022 , 10:45:00,3288,3288
953,25/07/2022 , 11:00:00,3772,3772
954,25/07/2022 , 11:15:00,4809,4809
955,25/07/2022 , 11:30:00,5247,5247
956,25/07/2022 , 11:45:00,5664,5664
957,25/07/2022 , 12:00:00,4581,4581
958,25/07/2022 , 12:15:00,4839,4839
959,25/07/2022 , 12:30:00,4252,4252
960,25/07/2022 , 12:45:00,4020,4020
961,25/07/2022 , 13:00:00,3993,3993
962,25/07/2022 , 13:15:00,3832,3832
963,25/07/2022 , 13:30:00,3608,3608
964,25/07/2022 , 13:45:00,3789,3789
965,25/07/2022 , 14:00:00,3711,3711
966,25/07/2022 , 14:15:00,3796,3796
967,25/07/2022 , 14:30:00,3552,3552
968,25/07/2022 , 14:45:00,3750,3750
969,25/07/2022 , 15:00:00,4412,4412
970,25/07/2022 , 15:15:00,4361,4361
971,25/07/2022 , 15:30:00,4678,4678
972,25/07/2022 , 15:45:00,4495,4495
973,25/07/2022 , 16:00:00,4052,4052
974,25/07/2022 , 16:15:00,4807,4807
975,25/07/2022 , 16:30:00,5155,5155
976,25/07/2022 , 16:45:00,5596,5596
977,25/07/2022 , 17:00:00,6118,6118
978,25/07/2022 , 17:15:00,2799,2799
979,25/07/2022 , 17:30:00,2279,2279
980,25/07/2022 , 17:45:00,2540,2540
981,25/07/2022 , 18:00:00,2056,2056
982,25/07/2022 , 18:15:00,1851,1851
983,25/07/2022 , 18:30:00,2666,2666
984,25/07/2022 , 18:45:00,1738,1738
985,25/07/2022 , 19:00:00,1772,1772
986,25/07/2022 , 19:15:00,1259,1259
987,25/07/2022 , 19:30:00,1354,1354
988,25/07/2022 , 19:45:00,1623,1623
989,25/07/2022 , 20:00:00,853,853
990,25/07/2022 , 20:15:00,154,154
991,25/07/2022 , 20:30:00,410,410
992,25/07/2022 , 20:45:00,220,220
993,25/07/2022 , 21:00:00,194,194
994,25/07/2022 , 21:15:00,177,177
995,25/07/2022 , 21:30:00,384,384
996,25/07/2022 , 21:45:00,621,621
997,25/07/2022 , 22:00:00,288,288
998,25/07/2022 , 22:15:00,278,278
999,25/07/2022 , 22:30:00,144,144
1000,25/07/2022 , 22:45:00,97,97
1001,25/07/2022 , 23:00:00,72,72
1002,25/07/2022 , 23:15:00,49,49
1003,25/07/2022 , 23:30:00,35,35
1004,25/07/2022 , 23:45:00,18,18
1005,25/07/2022 , 24:00:00,5,5
1006,26/07/2022 , 00:15:00,0,0
1007,26/07/2022 , 00:30:00,1,1
1008,26/07/2022 , 00:45:00,1,1
1009,26/07/2022 , 01:00:00,0,0
1010,26/07/2022 , 01:15:00,0,0
1011,26/07/2022 , 01:30:00,0,0
1012,26/07/2022 , 01:45:00,0,0
1013,26/07/2022 , 02:00:00,0,0
1014,26/07/2022 , 02:15:00,0,0
1015,26/07/2022 , 02:30:00,0,0
1016,26/07/2022 , 02:45:00,0,0
1017,26/07/2022 , 03:00:00,0,0
1018,26/07/2022 , 03:15:00,0,0
1019,26/07/2022 , 03:30:00,0,0
1020,26/07/2022 , 03:45:00,1,1
1021,26/07/2022 , 04:00:00,5,5
1022,26/07/2022 , 04:15:00,10,10
1023,26/07/2022 , 04:30:00,9,9
1024,26/07/2022 , 04:45:00,16,16
1025,26/07/2022 , 05:00:00,62,62
1026,26/07/2022 , 05:15:00,121,121
1027,26/07/2022 , 05:30:00,69,69
1028,26/07/2022 , 05:45:00,186,186
1029,26/07/2022 , 06:00:00,296,296
1030,26/07/2022 , 06:15:00,353,353
1031,26/07/2022 , 06:30:00,325,325
1032,26/07/2022 , 06:45:00,303,303
1033,26/07/2022 , 07:00:00,321,321
1034,26/07/2022 , 07:15:00,438,438
1035,26/07/2022 , 07:30:00,662,662
1036,26/07/2022 , 07:45:00,889,889
1037,26/07/2022 , 08:00:00,973,973
1038,26/07/2022 , 08:15:00,1200,1200
1039,26/07/2022 , 08:30:00,1325,1325
1040,26/07/2022 , 08:45:00,1144,1144
1041,26/07/2022 , 09:00:00,707,707
1042,26/07/2022 , 09:15:00,678,678
1043,26/07/2022 , 09:30:00,979,979
1044,26/07/2022 , 09:45:00,1993,1993
1045,26/07/2022 , 10:00:00,1865,1865
1046,26/07/2022 , 10:15:00,1995,1995
1047,26/07/2022 , 10:30:00,2294,2294
1048,26/07/2022 , 10:45:00,3177,3177
1049,26/07/2022 , 11:00:00,3892,3892
1050,26/07/2022 , 11:15:00,3580,3580
1051,26/07/2022 , 11:30:00,4369,4369
1052,26/07/2022 , 11:45:00,3612,3612
1053,26/07/2022 , 12:00:00,4300,4300
1054,26/07/2022 , 12:15:00,4752,4752
1055,26/07/2022 , 12:30:00,5118,5118
1056,26/07/2022 , 12:45:00,4572,4572
1057,26/07/2022 , 13:00:00,4216,4216
1058,26/07/2022 , 13:15:00,3685,3685
1059,26/07/2022 , 13:30:00,3808,3808
1060,26/07/2022 , 13:45:00,2847,2847
1061,26/07/2022 , 14:00:00,2461,2461
1062,26/07/2022 , 14:15:00,2443,2443
1063,26/07/2022 , 14:30:00,1885,1885
1064,26/07/2022 , 14:45:00,1267,1267
1065,26/07/2022 , 15:00:00,885,885
1066,26/07/2022 , 15:15:00,1075,1075
1067,26/07/2022 , 15:30:00,1252,1252
1068,26/07/2022 , 15:45:00,2390,2390
1069,26/07/2022 , 16:00:00,3425,3425
1070,26/07/2022 , 16:15:00,2940,2940
1071,26/07/2022 , 16:30:00,2777,2777
1072,26/07/2022 , 16:45:00,1978,1978
1073,26/07/2022 , 17:00:00,2289,2289
1074,26/07/2022 , 17:15:00,2603,2603
1075,26/07/2022 , 17:30:00,2014,2014
1076,26/07/2022 , 17:45:00,2096,2096
1077,26/07/2022 , 18:00:00,1493,1493
1078,26/07/2022 , 18:15:00,1534,1534
1079,26/07/2022 , 18:30:00,1322,1322
1080,26/07/2022 , 18:45:00,666,666
1081,26/07/2022 , 19:00:00,1372,1372
1082,26/07/2022 , 19:15:00,1114,1114
1083,26/07/2022 , 19:30:00,1267,1267
1084,26/07/2022 , 19:45:00,1736,1736
1085,26/07/2022 , 20:00:00,894,894
1086,26/07/2022 , 20:15:00,784,784
1087,26/07/2022 , 20:30:00,821,821
1088,26/07/2022 , 20:45:00,919,919
1089,26/07/2022 , 21:00:00,731,731
1090,26/07/2022 , 21:15:00,701,701
1091,26/07/2022 , 21:30:00,695,695
1092,26/07/2022 , 21:45:00,325,325
1093,26/07/2022 , 22:00:00,183,183
1094,26/07/2022 , 22:15:00,223,223
1095,26/07/2022 , 22:30:00,109,109
1096,26/07/2022 , 22:45:00,123,123
1097,26/07/2022 , 23:00:00,82,82
1098,26/07/2022 , 23:15:00,85,85
1099,26/07/2022 , 23:30:00,62,62
1100,26/07/2022 , 23:45:00,62,62
1101,26/07/2022 , 24:00:00,21,21
1102,27/07/2022 , 00:15:00,3,3
1103,27/07/2022 , 00:30:00,3,3
1104,27/07/2022 , 00:45:00,1,1
1105,27/07/2022 , 01:00:00,0,0
1106,27/07/2022 , 01:15:00,0,0
1107,27/07/2022 , 01:30:00,0,0
1108,27/07/2022 , 01:45:00,0,0
1109,27/07/2022 , 02:00:00,0,0
1110,27/07/2022 , 02:15:00,0,0
1111,27/07/2022 , 02:30:00,0,0
1112,27/07/2022 , 02:45:00,0,0
1113,27/07/2022 , 03:00:00,0,0
1114,27/07/2022 , 03:15:00,0,0
1115,27/07/2022 , 03:30:00,0,0
1116,27/07/2022 , 03:45:00,1,1
1117,27/07/2022 , 04:00:00,4,4
1118,27/07/2022 , 04:15:00,9,9
1119,27/07/2022 , 04:30:00,24,24
1120,27/07/2022 , 04:45:00,35,35
1121,27/07/2022 , 05:00:00,39,39
1122,27/07/2022 , 05:15:00,80,80
1123,27/07/2022 , 05:30:00,117,117
1124,27/07/2022 , 05:45:00,131,131
1125,27/07/2022 , 06:00:00,170,170
1126,27/07/2022 , 06:15:00,233,233
1127,27/07/2022 , 06:30:00,156,156
1128,27/07/2022 , 06:45:00,178,178
1129,27/07/2022 , 07:00:00,311,311
1130,27/07/2022 , 07:15:00,430,430
1131,27/07/2022 , 07:30:00,562,562
1132,27/07/2022 , 07:45:00,410,410
1133,27/07/2022 , 08:00:00,306,306
1134,27/07/2022 , 08:15:00,424,424
1135,27/07/2022 , 08:30:00,500,500
1136,27/07/2022 , 08:45:00,536,536
1137,27/07/2022 , 09:00:00,511,511
1138,27/07/2022 , 09:15:00,440,440
1139,27/07/2022 , 09:30:00,467,467
1140,27/07/2022 , 09:45:00,885,885
1141,27/07/2022 , 10:00:00,1235,1235
1142,27/07/2022 , 10:15:00,971,971
1143,27/07/2022 , 10:30:00,1742,1742
1144,27/07/2022 , 10:45:00,2347,2347
1145,27/07/2022 , 11:00:00,3120,3120
1146,27/07/2022 , 11:15:00,2403,2403
1147,27/07/2022 , 11:30:00,3823,3823
1148,27/07/2022 , 11:45:00,4802,4802
1149,27/07/2022 , 12:00:00,4212,4212
1150,27/07/2022 , 12:15:00,3489,3489
1151,27/07/2022 , 12:30:00,3793,3793
1152,27/07/2022 , 12:45:00,2354,2354
1153,27/07/2022 , 13:00:00,2302,2302
1154,27/07/2022 , 13:15:00,2249,2249
1155,27/07/2022 , 13:30:00,4332,4332
1156,27/07/2022 , 13:45:00,16048,16048
1157,27/07/2022 , 14:00:00,32955,32955
1158,27/07/2022 , 14:15:00,31971,31971
1159,27/07/2022 , 14:30:00,18859,18859
1160,27/07/2022 , 14:45:00,17306,17306
1161,27/07/2022 , 15:00:00,17844,17844
1162,27/07/2022 , 15:15:00,3982,3982
1163,27/07/2022 , 15:30:00,4936,4936
1164,27/07/2022 , 15:45:00,3376,3376
1165,27/07/2022 , 16:00:00,3780,3780
1166,27/07/2022 , 16:15:00,3422,3422
1167,27/07/2022 , 16:30:00,1651,1651
1168,27/07/2022 , 16:45:00,3822,3822
1169,27/07/2022 , 17:00:00,3655,3655
1170,27/07/2022 , 17:15:00,2831,2831
1171,27/07/2022 , 17:30:00,2467,2467
1172,27/07/2022 , 17:45:00,2528,2528
1173,27/07/2022 , 18:00:00,2449,2449
1174,27/07/2022 , 18:15:00,3060,3060
1175,27/07/2022 , 18:30:00,4606,4606
1176,27/07/2022 , 18:45:00,8868,8868
1177,27/07/2022 , 19:00:00,10750,10750
1178,27/07/2022 , 19:15:00,4319,4319
1179,27/07/2022 , 19:30:00,5059,5059
1180,27/07/2022 , 19:45:00,3857,3857
1181,27/07/2022 , 20:00:00,1420,1420
1182,27/07/2022 , 20:15:00,1480,1480
1183,27/07/2022 , 20:30:00,1051,1051
1184,27/07/2022 , 20:45:00,754,754
1185,27/07/2022 , 21:00:00,794,794
1186,27/07/2022 , 21:15:00,568,568
1187,27/07/2022 , 21:30:00,773,773
1188,27/07/2022 , 21:45:00,564,564
1189,27/07/2022 , 22:00:00,509,509
1190,27/07/2022 , 22:15:00,459,459
1191,27/07/2022 , 22:30:00,304,304
1192,27/07/2022 , 22:45:00,216,216
1193,27/07/2022 , 23:00:00,148,148
1194,27/07/2022 , 23:15:00,104,104
1195,27/07/2022 , 23:30:00,51,51
1196,27/07/2022 , 23:45:00,29,29
1197,27/07/2022 , 24:00:00,14,14
1198,28/07/2022 , 00:15:00,6,6
1199,28/07/2022 , 00:30:00,3,3
1200,28/07/2022 , 00:45:00,1,1
1201,28/07/2022 , 01:00:00,0,0
1202,28/07/2022 , 01:15:00,0,0
1203,28/07/2022 , 01:30:00,0,0
1204,28/07/2022 , 01:45:00,0,0
1205,28/07/2022 , 02:00:00,0,0
1206,28/07/2022 , 02:15:00,0,0
1207,28/07/2022 , 02:30:00,0,0
1208,28/07/2022 , 02:45:00,0,0
1209,28/07/2022 , 03:00:00,0,0
1210,28/07/2022 , 03:15:00,0,0
1211,28/07/2022 , 03:30:00,0,0
1212,28/07/2022 , 03:45:00,2,2
1213,28/07/2022 , 04:00:00,5,5
1214,28/07/2022 , 04:15:00,10,10
1215,28/07/2022 , 04:30:00,22,22
1216,28/07/2022 , 04:45:00,40,40
1217,28/07/2022 , 05:00:00,67,67
1218,28/07/2022 , 05:15:00,94,94
1219,28/07/2022 , 05:30:00,132,132
1220,28/07/2022 , 05:45:00,294,294
1221,28/07/2022 , 06:00:00,544,544
1222,28/07/2022 , 06:15:00,574,574
1223,28/07/2022 , 06:30:00,715,715
1224,28/07/2022 , 06:45:00,737,737
1225,28/07/2022 , 07:00:00,996,996
1226,28/07/2022 , 07:15:00,1157,1157
1227,28/07/2022 , 07:30:00,945,945
1228,28/07/2022 , 07:45:00,1176,1176
1229,28/07/2022 , 08:00:00,1440,1440
1230,28/07/2022 , 08:15:00,1585,1585
1231,28/07/2022 , 08:30:00,1437,1437
1232,28/07/2022 , 08:45:00,1514,1514
1233,28/07/2022 , 09:00:00,1565,1565
1234,28/07/2022 , 09:15:00,1635,1635
1235,28/07/2022 , 09:30:00,1779,1779
1236,28/07/2022 , 09:45:00,1883,1883
1237,28/07/2022 , 10:00:00,1844,1844
1238,28/07/2022 , 10:15:00,1946,1946
1239,28/07/2022 , 10:30:00,2383,2383
1240,28/07/2022 , 10:45:00,2330,2330
1241,28/07/2022 , 11:00:00,2198,2198
1242,28/07/2022 , 11:15:00,4691,4691
1243,28/07/2022 , 11:30:00,3136,3136
1244,28/07/2022 , 11:45:00,2827,2827
1245,28/07/2022 , 12:00:00,5179,5179
1246,28/07/2022 , 12:15:00,2800,2800
1247,28/07/2022 , 12:30:00,4757,4757
1248,28/07/2022 , 12:45:00,3208,3208
1249,28/07/2022 , 13:00:00,3067,3067
1250,28/07/2022 , 13:15:00,4380,4380
1251,28/07/2022 , 13:30:00,3743,3743
1252,28/07/2022 , 13:45:00,10127,10127
1253,28/07/2022 , 14:00:00,12929,12929
1254,28/07/2022 , 14:15:00,21192,21192
1255,28/07/2022 , 14:30:00,21652,21652
1256,28/07/2022 , 14:45:00,13401,13401
1257,28/07/2022 , 15:00:00,20144,20144
1258,28/07/2022 , 15:15:00,19114,19114
1259,28/07/2022 , 15:30:00,17156,17156
1260,28/07/2022 , 15:45:00,3468,3468
1261,28/07/2022 , 16:00:00,3307,3307
1262,28/07/2022 , 16:15:00,4703,4703
1263,28/07/2022 , 16:30:00,5052,5052
1264,28/07/2022 , 16:45:00,5236,5236
1265,28/07/2022 , 17:00:00,5027,5027
1266,28/07/2022 , 17:15:00,3042,3042
1267,28/07/2022 , 17:30:00,2685,2685
1268,28/07/2022 , 17:45:00,2457,2457
1269,28/07/2022 , 18:00:00,2327,2327
1270,28/07/2022 , 18:15:00,3562,3562
1271,28/07/2022 , 18:30:00,5863,5863
1272,28/07/2022 , 18:45:00,10163,10163
1273,28/07/2022 , 19:00:00,13134,13134
1274,28/07/2022 , 19:15:00,6166,6166
1275,28/07/2022 , 19:30:00,7593,7593
1276,28/07/2022 , 19:45:00,7890,7890
1277,28/07/2022 , 20:00:00,2122,2122
1278,28/07/2022 , 20:15:00,1496,1496
1279,28/07/2022 , 20:30:00,1142,1142
1280,28/07/2022 , 20:45:00,1082,1082
1281,28/07/2022 , 21:00:00,799,799
1282,28/07/2022 , 21:15:00,564,564
1283,28/07/2022 , 21:30:00,448,448
1284,28/07/2022 , 21:45:00,357,357
1285,28/07/2022 , 22:00:00,295,295
1286,28/07/2022 , 22:15:00,241,241
1287,28/07/2022 , 22:30:00,203,203
1288,28/07/2022 , 22:45:00,163,163
1289,28/07/2022 , 23:00:00,121,121
1290,28/07/2022 , 23:15:00,84,84
1291,28/07/2022 , 23:30:00,52,52
1292,28/07/2022 , 23:45:00,30,30
1293,28/07/2022 , 24:00:00,16,16
1294,29/07/2022 , 00:15:00,7,7
1295,29/07/2022 , 00:30:00,3,3
1296,29/07/2022 , 00:45:00,2,2
1297,29/07/2022 , 01:00:00,0,0
1298,29/07/2022 , 01:15:00,0,0
1299,29/07/2022 , 01:30:00,0,0
1300,29/07/2022 , 01:45:00,0,0
1301,29/07/2022 , 02:00:00,0,0
1302,29/07/2022 , 02:15:00,0,0
1303,29/07/2022 , 02:30:00,0,0
1304,29/07/2022 , 02:45:00,0,0
1305,29/07/2022 , 03:00:00,0,0
1306,29/07/2022 , 03:15:00,0,0
1307,29/07/2022 , 03:30:00,1,1
1308,29/07/2022 , 03:45:00,2,2
1309,29/07/2022 , 04:00:00,6,6
1310,29/07/2022 , 04:15:00,13,13
1311,29/07/2022 , 04:30:00,25,25
1312,29/07/2022 , 04:45:00,46,46
1313,29/07/2022 , 05:00:00,72,72
1314,29/07/2022 , 05:15:00,107,107
1315,29/07/2022 , 05:30:00,146,146
1316,29/07/2022 , 05:45:00,186,186
1317,29/07/2022 , 06:00:00,229,229
1318,29/07/2022 , 06:15:00,311,311
1319,29/07/2022 , 06:30:00,451,451
1320,29/07/2022 , 06:45:00,561,561
1321,29/07/2022 , 07:00:00,538,538
1322,29/07/2022 , 07:15:00,594,594
1323,29/07/2022 , 07:30:00,724,724
1324,29/07/2022 , 07:45:00,755,755
1325,29/07/2022 , 08:00:00,856,856
1326,29/07/2022 , 08:15:00,1046,1046
1327,29/07/2022 , 08:30:00,1343,1343
1328,29/07/2022 , 08:45:00,1806,1806
1329,29/07/2022 , 09:00:00,1696,1696
1330,29/07/2022 , 09:15:00,1849,1849
1331,29/07/2022 , 09:30:00,1985,1985
1332,29/07/2022 , 09:45:00,2249,2249
1333,29/07/2022 , 10:00:00,2371,2371
1334,29/07/2022 , 10:15:00,2278,2278
1335,29/07/2022 , 10:30:00,2520,2520
1336,29/07/2022 , 10:45:00,2695,2695
1337,29/07/2022 , 11:00:00,3621,3621
1338,29/07/2022 , 11:15:00,3731,3731
1339,29/07/2022 , 11:30:00,3109,3109
1340,29/07/2022 , 11:45:00,7190,7190
1341,29/07/2022 , 12:00:00,4329,4329
1342,29/07/2022 , 12:15:00,3495,3495
1343,29/07/2022 , 12:30:00,3167,3167
1344,29/07/2022 , 12:45:00,2994,2994
1345,29/07/2022 , 13:00:00,2980,2980
1346,29/07/2022 , 13:15:00,3750,3750
1347,29/07/2022 , 13:30:00,4912,4912
1348,29/07/2022 , 13:45:00,13856,13856
1349,29/07/2022 , 14:00:00,22854,22854
1350,29/07/2022 , 14:15:00,30902,30902
1351,29/07/2022 , 14:30:00,13405,13405
1352,29/07/2022 , 14:45:00,7909,7909
1353,29/07/2022 , 15:00:00,16052,16052
1354,29/07/2022 , 15:15:00,12866,12866
1355,29/07/2022 , 15:30:00,15943,15943
1356,29/07/2022 , 15:45:00,4277,4277
1357,29/07/2022 , 16:00:00,4821,4821
1358,29/07/2022 , 16:15:00,6305,6305
1359,29/07/2022 , 16:30:00,5981,5981
1360,29/07/2022 , 16:45:00,5442,5442
1361,29/07/2022 , 17:00:00,7387,7387
1362,29/07/2022 , 17:15:00,3919,3919
1363,29/07/2022 , 17:30:00,3285,3285
1364,29/07/2022 , 17:45:00,3174,3174
1365,29/07/2022 , 18:00:00,2873,2873
1366,29/07/2022 , 18:15:00,3131,3131
1367,29/07/2022 , 18:30:00,4776,4776
1368,29/07/2022 , 18:45:00,5401,5401
1369,29/07/2022 , 19:00:00,8275,8275
1370,29/07/2022 , 19:15:00,3723,3723
1371,29/07/2022 , 19:30:00,5464,5464
1372,29/07/2022 , 19:45:00,5177,5177
1373,29/07/2022 , 20:00:00,2459,2459
1374,29/07/2022 , 20:15:00,1787,1787
1375,29/07/2022 , 20:30:00,1120,1120
1376,29/07/2022 , 20:45:00,938,938
1377,29/07/2022 , 21:00:00,635,635
1378,29/07/2022 , 21:15:00,670,670
1379,29/07/2022 , 21:30:00,584,584
1380,29/07/2022 , 21:45:00,480,480
1381,29/07/2022 , 22:00:00,445,445
1382,29/07/2022 , 22:15:00,391,391
1383,29/07/2022 , 22:30:00,313,313
1384,29/07/2022 , 22:45:00,211,211
1385,29/07/2022 , 23:00:00,129,129
1386,29/07/2022 , 23:15:00,82,82
1387,29/07/2022 , 23:30:00,47,47
1388,29/07/2022 , 23:45:00,25,25
1389,29/07/2022 , 24:00:00,10,10
1390,30/07/2022 , 00:15:00,4,4
1391,30/07/2022 , 00:30:00,2,2
1392,30/07/2022 , 00:45:00,0,0
1393,30/07/2022 , 01:00:00,0,0
1394,30/07/2022 , 01:15:00,0,0
1395,30/07/2022 , 01:30:00,0,0
1396,30/07/2022 , 01:45:00,0,0
1397,30/07/2022 , 02:00:00,0,0
1398,30/07/2022 , 02:15:00,0,0
1399,30/07/2022 , 02:30:00,0,0
1400,30/07/2022 , 02:45:00,0,0
1401,30/07/2022 , 03:00:00,0,0
1402,30/07/2022 , 03:15:00,0,0
1403,30/07/2022 , 03:30:00,0,0
1404,30/07/2022 , 03:45:00,1,1
1405,30/07/2022 , 04:00:00,3,3
1406,30/07/2022 , 04:15:00,10,10
1407,30/07/2022 , 04:30:00,20,20
1408,30/07/2022 , 04:45:00,34,34
1409,30/07/2022 , 05:00:00,55,55
1410,30/07/2022 , 05:15:00,97,97
1411,30/07/2022 , 05:30:00,167,167
1412,30/07/2022 , 05:45:00,273,273
1413,30/07/2022 , 06:00:00,396,396
1414,30/07/2022 , 06:15:00,500,500
1415,30/07/2022 , 06:30:00,542,542
1416,30/07/2022 , 06:45:00,559,559
1417,30/07/2022 , 07:00:00,726,726
1418,30/07/2022 , 07:15:00,1001,1001
1419,30/07/2022 , 07:30:00,1304,1304
1420,30/07/2022 , 07:45:00,1440,1440
1421,30/07/2022 , 08:00:00,1364,1364
1422,30/07/2022 , 08:15:00,1432,1432
1423,30/07/2022 , 08:30:00,2070,2070
1424,30/07/2022 , 08:45:00,2719,2719
1425,30/07/2022 , 09:00:00,3052,3052
1426,30/07/2022 , 09:15:00,3304,3304
1427,30/07/2022 , 09:30:00,2407,2407
1428,30/07/2022 , 09:45:00,2450,2450
1429,30/07/2022 , 10:00:00,2201,2201
1430,30/07/2022 , 10:15:00,2491,2491
1431,30/07/2022 , 10:30:00,2900,2900
1432,30/07/2022 , 10:45:00,3392,3392
1433,30/07/2022 , 11:00:00,3703,3703
1434,30/07/2022 , 11:15:00,3910,3910
1435,30/07/2022 , 11:30:00,4401,4401
1436,30/07/2022 , 11:45:00,4286,4286
1437,30/07/2022 , 12:00:00,4909,4909
1438,30/07/2022 , 12:15:00,5270,5270
1439,30/07/2022 , 12:30:00,5862,5862
1440,30/07/2022 , 12:45:00,5583,5583
1441,30/07/2022 , 13:00:00,5100,5100
1442,30/07/2022 , 13:15:00,4941,4941
1443,30/07/2022 , 13:30:00,5482,5482
1444,30/07/2022 , 13:45:00,10712,10712
1445,30/07/2022 , 14:00:00,7196,7196
1446,30/07/2022 , 14:15:00,14996,14996
1447,30/07/2022 , 14:30:00,8097,8097
1448,30/07/2022 , 14:45:00,6887,6887
1449,30/07/2022 , 15:00:00,10968,10968
1450,30/07/2022 , 15:15:00,11826,11826
1451,30/07/2022 , 15:30:00,9548,9548
1452,30/07/2022 , 15:45:00,5254,5254
1453,30/07/2022 , 16:00:00,4767,4767
1454,30/07/2022 , 16:15:00,4866,4866
1455,30/07/2022 , 16:30:00,5351,5351
1456,30/07/2022 , 16:45:00,4985,4985
1457,30/07/2022 , 17:00:00,5357,5357
1458,30/07/2022 , 17:15:00,3986,3986
1459,30/07/2022 , 17:30:00,3630,3630
1460,30/07/2022 , 17:45:00,3407,3407
1461,30/07/2022 , 18:00:00,3049,3049
1462,30/07/2022 , 18:15:00,2809,2809
1463,30/07/2022 , 18:30:00,3364,3364
1464,30/07/2022 , 18:45:00,3554,3554
1465,30/07/2022 , 19:00:00,2793,2793
1466,30/07/2022 , 19:15:00,2519,2519
1467,30/07/2022 , 19:30:00,1839,1839
1468,30/07/2022 , 19:45:00,1313,1313
1469,30/07/2022 , 20:00:00,1362,1362
1470,30/07/2022 , 20:15:00,1457,1457
1471,30/07/2022 , 20:30:00,1319,1319
1472,30/07/2022 , 20:45:00,1314,1314
1473,30/07/2022 , 21:00:00,1103,1103
1474,30/07/2022 , 21:15:00,982,982
1475,30/07/2022 , 21:30:00,797,797
1476,30/07/2022 , 21:45:00,556,556
1477,30/07/2022 , 22:00:00,304,304
1478,30/07/2022 , 22:15:00,171,171
1479,30/07/2022 , 22:30:00,103,103
1480,30/07/2022 , 22:45:00,83,83
1481,30/07/2022 , 23:00:00,42,42
1482,30/07/2022 , 23:15:00,21,21
1483,30/07/2022 , 23:30:00,6,6
1484,30/07/2022 , 23:45:00,2,2
1485,30/07/2022 , 24:00:00,1,1
1486,31/07/2022 , 00:15:00,0,0
1487,31/07/2022 , 00:30:00,0,0
1488,31/07/2022 , 00:45:00,0,0
1489,31/07/2022 , 01:00:00,0,0
1490,31/07/2022 , 01:15:00,0,0
1491,31/07/2022 , 01:30:00,0,0
1492,31/07/2022 , 01:45:00,0,0
1493,31/07/2022 , 02:00:00,0,0
1494,31/07/2022 , 02:15:00,0,0
1495,31/07/2022 , 02:30:00,0,0
1496,31/07/2022 , 02:45:00,0,0
1497,31/07/2022 , 03:00:00,0,0
1498,31/07/2022 , 03:15:00,0,0
1499,31/07/2022 , 03:30:00,0,0
1500,31/07/2022 , 03:45:00,0,0
1501,31/07/2022 , 04:00:00,0,0
1502,31/07/2022 , 04:15:00,2,2
1503,31/07/2022 , 04:30:00,7,7
1504,31/07/2022 , 04:45:00,12,12
1505,31/07/2022 , 05:00:00,21,21
1506,31/07/2022 , 05:15:00,37,37
1507,31/07/2022 , 05:30:00,68,68
1508,31/07/2022 , 05:45:00,113,113
1509,31/07/2022 , 06:00:00,159,159
1510,31/07/2022 , 06:15:00,167,167
1511,31/07/2022 , 06:30:00,200,200
1512,31/07/2022 , 06:45:00,227,227
1513,31/07/2022 , 07:00:00,295,295
1514,31/07/2022 , 07:15:00,373,373
1515,31/07/2022 , 07:30:00,452,452
1516,31/07/2022 , 07:45:00,524,524
1517,31/07/2022 , 08:00:00,621,621
1518,31/07/2022 , 08:15:00,706,706
1519,31/07/2022 , 08:30:00,786,786
1520,31/07/2022 , 08:45:00,619,619
1521,31/07/2022 , 09:00:00,530,530
1522,31/07/2022 , 09:15:00,736,736
1523,31/07/2022 , 09:30:00,957,957
1524,31/07/2022 , 09:45:00,1098,1098
1525,31/07/2022 , 10:00:00,1070,1070
1526,31/07/2022 , 10:15:00,1271,1271
1527,31/07/2022 , 10:30:00,1340,1340
1528,31/07/2022 , 10:45:00,1543,1543
1529,31/07/2022 , 11:00:00,1501,1501
1530,31/07/2022 , 11:15:00,1639,1639
1531,31/07/2022 , 11:30:00,1946,1946
1532,31/07/2022 , 11:45:00,2369,2369
1533,31/07/2022 , 12:00:00,2666,2666
1534,31/07/2022 , 12:15:00,3068,3068
1535,31/07/2022 , 12:30:00,3595,3595
1536,31/07/2022 , 12:45:00,4663,4663
1537,31/07/2022 , 13:00:00,4454,4454
1538,31/07/2022 , 13:15:00,4108,4108
1539,31/07/2022 , 13:30:00,4007,4007
1540,31/07/2022 , 13:45:00,5998,5998
1541,31/07/2022 , 14:00:00,14689,14689
1542,31/07/2022 , 14:15:00,13691,13691
1543,31/07/2022 , 14:30:00,7665,7665
1544,31/07/2022 , 14:45:00,6660,6660
1545,31/07/2022 , 15:00:00,8693,8693
1546,31/07/2022 , 15:15:00,7309,7309
1547,31/07/2022 , 15:30:00,5730,5730
1548,31/07/2022 , 15:45:00,5588,5588
1549,31/07/2022 , 16:00:00,5307,5307
1550,31/07/2022 , 16:15:00,3369,3369
1551,31/07/2022 , 16:30:00,2971,2971
1552,31/07/2022 , 16:45:00,3787,3787
1553,31/07/2022 , 17:00:00,2997,2997
1554,31/07/2022 , 17:15:00,3729,3729
1555,31/07/2022 , 17:30:00,3108,3108
1556,31/07/2022 , 17:45:00,2964,2964
1557,31/07/2022 , 18:00:00,2884,2884
1558,31/07/2022 , 18:15:00,3781,3781
1559,31/07/2022 , 18:30:00,5219,5219
1560,31/07/2022 , 18:45:00,3846,3846
1561,31/07/2022 , 19:00:00,4195,4195
1562,31/07/2022 , 19:15:00,2842,2842
1563,31/07/2022 , 19:30:00,2744,2744
1564,31/07/2022 , 19:45:00,2380,2380
1565,31/07/2022 , 20:00:00,1902,1902
1566,31/07/2022 , 20:15:00,1923,1923
1567,31/07/2022 , 20:30:00,1998,1998
1568,31/07/2022 , 20:45:00,1682,1682
1569,31/07/2022 , 21:00:00,1697,1697
1570,31/07/2022 , 21:15:00,1573,1573
1571,31/07/2022 , 21:30:00,854,854
1572,31/07/2022 , 21:45:00,291,291
1573,31/07/2022 , 22:00:00,209,209
1574,31/07/2022 , 22:15:00,142,142
1575,31/07/2022 , 22:30:00,130,130
1576,31/07/2022 , 22:45:00,113,113
1577,31/07/2022 , 23:00:00,70,70
1578,31/07/2022 , 23:15:00,30,30
1579,31/07/2022 , 23:30:00,17,17
1580,31/07/2022 , 23:45:00,8,8
1581,31/07/2022 , 24:00:00,3,3
1582,01/08/2022 , 00:15:00,0,0
1583,01/08/2022 , 00:30:00,0,0
1584,01/08/2022 , 00:45:00,0,0
1585,01/08/2022 , 01:00:00,0,0
1586,01/08/2022 , 01:15:00,0,0
1587,01/08/2022 , 01:30:00,0,0
1588,01/08/2022 , 01:45:00,0,0
1589,01/08/2022 , 02:00:00,0,0
1590,01/08/2022 , 02:15:00,0,0
1591,01/08/2022 , 02:30:00,0,0
1592,01/08/2022 , 02:45:00,0,0
1593,01/08/2022 , 03:00:00,0,0
1594,01/08/2022 , 03:15:00,0,0
1595,01/08/2022 , 03:30:00,0,0
1596,01/08/2022 , 03:45:00,0,0
1597,01/08/2022 , 04:00:00,1,1
1598,01/08/2022 , 04:15:00,4,4
1599,01/08/2022 , 04:30:00,10,10
1600,01/08/2022 , 04:45:00,30,30
1601,01/08/2022 , 05:00:00,70,70
1602,01/08/2022 , 05:15:00,109,109
1603,01/08/2022 , 05:30:00,172,172
1604,01/08/2022 , 05:45:00,258,258
1605,01/08/2022 , 06:00:00,323,323
1606,01/08/2022 , 06:15:00,507,507
1607,01/08/2022 , 06:30:00,659,659
1608,01/08/2022 , 06:45:00,624,624
1609,01/08/2022 , 07:00:00,856,856
1610,01/08/2022 , 07:15:00,966,966
1611,01/08/2022 , 07:30:00,1019,1019
1612,01/08/2022 , 07:45:00,1312,1312
1613,01/08/2022 , 08:00:00,1406,1406
1614,01/08/2022 , 08:15:00,1576,1576
1615,01/08/2022 , 08:30:00,1856,1856
1616,01/08/2022 , 08:45:00,2010,2010
1617,01/08/2022 , 09:00:00,2059,2059
1618,01/08/2022 , 09:15:00,2132,2132
1619,01/08/2022 , 09:30:00,2305,2305
1620,01/08/2022 , 09:45:00,2681,2681
1621,01/08/2022 , 10:00:00,2882,2882
1622,01/08/2022 , 10:15:00,3157,3157
1623,01/08/2022 , 10:30:00,3571,3571
1624,01/08/2022 , 10:45:00,3661,3661
1625,01/08/2022 , 11:00:00,4910,4910
1626,01/08/2022 , 11:15:00,3810,3810
1627,01/08/2022 , 11:30:00,3649,3649
1628,01/08/2022 , 11:45:00,3409,3409
1629,01/08/2022 , 12:00:00,4180,4180
1630,01/08/2022 , 12:15:00,5389,5389
1631,01/08/2022 , 12:30:00,5272,5272
1632,01/08/2022 , 12:45:00,4443,4443
1633,01/08/2022 , 13:00:00,3302,3302
1634,01/08/2022 , 13:15:00,3010,3010
1635,01/08/2022 , 13:30:00,3623,3623
1636,01/08/2022 , 13:45:00,3603,3603
1637,01/08/2022 , 14:00:00,3778,3778
1638,01/08/2022 , 14:15:00,5686,5686
1639,01/08/2022 , 14:30:00,5250,5250
1640,01/08/2022 , 14:45:00,4479,4479
1641,01/08/2022 , 15:00:00,4862,4862
1642,01/08/2022 , 15:15:00,2565,2565
1643,01/08/2022 , 15:30:00,2952,2952
1644,01/08/2022 , 15:45:00,3199,3199
1645,01/08/2022 , 16:00:00,1480,1480
1646,01/08/2022 , 16:15:00,1003,1003
1647,01/08/2022 , 16:30:00,1168,1168
1648,01/08/2022 , 16:45:00,2458,2458
1649,01/08/2022 , 17:00:00,3888,3888
1650,01/08/2022 , 17:15:00,4695,4695
1651,01/08/2022 , 17:30:00,3912,3912
1652,01/08/2022 , 17:45:00,2021,2021
1653,01/08/2022 , 18:00:00,1204,1204
1654,01/08/2022 , 18:15:00,1375,1375
1655,01/08/2022 , 18:30:00,1532,1532
1656,01/08/2022 , 18:45:00,1298,1298
1657,01/08/2022 , 19:00:00,987,987
1658,01/08/2022 , 19:15:00,2241,2241
1659,01/08/2022 , 19:30:00,3010,3010
1660,01/08/2022 , 19:45:00,2117,2117
1661,01/08/2022 , 20:00:00,1683,1683
1662,01/08/2022 , 20:15:00,1090,1090
1663,01/08/2022 , 20:30:00,760,760
1664,01/08/2022 , 20:45:00,461,461
1665,01/08/2022 , 21:00:00,199,199
1666,01/08/2022 , 21:15:00,77,77
1667,01/08/2022 , 21:30:00,81,81
1668,01/08/2022 , 21:45:00,70,70
1669,01/08/2022 , 22:00:00,47,47
1670,01/08/2022 , 22:15:00,32,32
1671,01/08/2022 , 22:30:00,21,21
1672,01/08/2022 , 22:45:00,13,13
1673,01/08/2022 , 23:00:00,10,10
1674,01/08/2022 , 23:15:00,4,4
1675,01/08/2022 , 23:30:00,2,2
1676,01/08/2022 , 23:45:00,2,2
1677,01/08/2022 , 24:00:00,1,1
1678,02/08/2022 , 00:15:00,0,0
1679,02/08/2022 , 00:30:00,0,0
1680,02/08/2022 , 00:45:00,0,0
1681,02/08/2022 , 01:00:00,0,0
1682,02/08/2022 , 01:15:00,0,0
1683,02/08/2022 , 01:30:00,0,0
1684,02/08/2022 , 01:45:00,0,0
1685,02/08/2022 , 02:00:00,0,0
1686,02/08/2022 , 02:15:00,0,0
1687,02/08/2022 , 02:30:00,0,0
1688,02/08/2022 , 02:45:00,0,0
1689,02/08/2022 , 03:00:00,0,0
1690,02/08/2022 , 03:15:00,0,0
1691,02/08/2022 , 03:30:00,0,0
1692,02/08/2022 , 03:45:00,0,0
1693,02/08/2022 , 04:00:00,0,0
1694,02/08/2022 , 04:15:00,1,1
1695,02/08/2022 , 04:30:00,4,4
1696,02/08/2022 , 04:45:00,8,8
1697,02/08/2022 , 05:00:00,13,13
1698,02/08/2022 , 05:15:00,26,26
1699,02/08/2022 , 05:30:00,49,49
1700,02/08/2022 , 05:45:00,91,91
1701,02/08/2022 , 06:00:00,139,139
1702,02/08/2022 , 06:15:00,162,162
1703,02/08/2022 , 06:30:00,174,174
1704,02/08/2022 , 06:45:00,148,148
1705,02/08/2022 , 07:00:00,159,159
1706,02/08/2022 , 07:15:00,243,243
1707,02/08/2022 , 07:30:00,398,398
1708,02/08/2022 , 07:45:00,699,699
1709,02/08/2022 , 08:00:00,667,667
1710,02/08/2022 , 08:15:00,742,742
1711,02/08/2022 , 08:30:00,805,805
1712,02/08/2022 , 08:45:00,1137,1137
1713,02/08/2022 , 09:00:00,1313,1313
1714,02/08/2022 , 09:15:00,1512,1512
1715,02/08/2022 , 09:30:00,1620,1620
1716,02/08/2022 , 09:45:00,1923,1923
1717,02/08/2022 , 10:00:00,2344,2344
1718,02/08/2022 , 10:15:00,2800,2800
1719,02/08/2022 , 10:30:00,2804,2804
1720,02/08/2022 , 10:45:00,2753,2753
1721,02/08/2022 , 11:00:00,2732,2732
1722,02/08/2022 , 11:15:00,2728,2728
1723,02/08/2022 , 11:30:00,3392,3392
1724,02/08/2022 , 11:45:00,3624,3624
1725,02/08/2022 , 12:00:00,4129,4129
1726,02/08/2022 , 12:15:00,3622,3622
1727,02/08/2022 , 12:30:00,3807,3807
1728,02/08/2022 , 12:45:00,3978,3978
1729,02/08/2022 , 13:00:00,2396,2396
1730,02/08/2022 , 13:15:00,2238,2238
1731,02/08/2022 , 13:30:00,4711,4711
1732,02/08/2022 , 13:45:00,18787,18787
1733,02/08/2022 , 14:00:00,27207,27207
1734,02/08/2022 , 14:15:00,25223,25223
1735,02/08/2022 , 14:30:00,10499,10499
1736,02/08/2022 , 14:45:00,1306,1306
1737,02/08/2022 , 15:00:00,1713,1713
1738,02/08/2022 , 15:15:00,2819,2819
1739,02/08/2022 , 15:30:00,3606,3606
1740,02/08/2022 , 15:45:00,4049,4049
1741,02/08/2022 , 16:00:00,2619,2619
1742,02/08/2022 , 16:15:00,2592,2592
1743,02/08/2022 , 16:30:00,2852,2852
1744,02/08/2022 , 16:45:00,3618,3618
1745,02/08/2022 , 17:00:00,3005,3005
1746,02/08/2022 , 17:15:00,2771,2771
1747,02/08/2022 , 17:30:00,2417,2417
1748,02/08/2022 , 17:45:00,2110,2110
1749,02/08/2022 , 18:00:00,2523,2523
1750,02/08/2022 , 18:15:00,3281,3281
1751,02/08/2022 , 18:30:00,4092,4092
1752,02/08/2022 , 18:45:00,10238,10238
1753,02/08/2022 , 19:00:00,4266,4266
1754,02/08/2022 , 19:15:00,1071,1071
1755,02/08/2022 , 19:30:00,1190,1190
1756,02/08/2022 , 19:45:00,1262,1262
1757,02/08/2022 , 20:00:00,1661,1661
1758,02/08/2022 , 20:15:00,1174,1174
1759,02/08/2022 , 20:30:00,1133,1133
1760,02/08/2022 , 20:45:00,1398,1398
1761,02/08/2022 , 21:00:00,938,938
1762,02/08/2022 , 21:15:00,439,439
1763,02/08/2022 , 21:30:00,385,385
1764,02/08/2022 , 21:45:00,319,319
1765,02/08/2022 , 22:00:00,201,201
1766,02/08/2022 , 22:15:00,141,141
1767,02/08/2022 , 22:30:00,109,109
1768,02/08/2022 , 22:45:00,82,82
1769,02/08/2022 , 23:00:00,59,59
1770,02/08/2022 , 23:15:00,39,39
1771,02/08/2022 , 23:30:00,18,18
1772,02/08/2022 , 23:45:00,8,8
1773,02/08/2022 , 24:00:00,3,3
1774,03/08/2022 , 00:15:00,1,1
1775,03/08/2022 , 00:30:00,0,0
1776,03/08/2022 , 00:45:00,0,0
1777,03/08/2022 , 01:00:00,0,0
1778,03/08/2022 , 01:15:00,0,0
1779,03/08/2022 , 01:30:00,0,0
1780,03/08/2022 , 01:45:00,0,0
1781,03/08/2022 , 02:00:00,0,0
1782,03/08/2022 , 02:15:00,0,0
1783,03/08/2022 , 02:30:00,0,0
1784,03/08/2022 , 02:45:00,0,0
1785,03/08/2022 , 03:00:00,0,0
1786,03/08/2022 , 03:15:00,0,0
1787,03/08/2022 , 03:30:00,0,0
1788,03/08/2022 , 03:45:00,0,0
1789,03/08/2022 , 04:00:00,0,0
1790,03/08/2022 , 04:15:00,1,1
1791,03/08/2022 , 04:30:00,6,6
1792,03/08/2022 , 04:45:00,17,17
1793,03/08/2022 , 05:00:00,32,32
1794,03/08/2022 , 05:15:00,57,57
1795,03/08/2022 , 05:30:00,106,106
1796,03/08/2022 , 05:45:00,171,171
1797,03/08/2022 , 06:00:00,235,235
1798,03/08/2022 , 06:15:00,340,340
1799,03/08/2022 , 06:30:00,455,455
1800,03/08/2022 , 06:45:00,486,486
1801,03/08/2022 , 07:00:00,505,505
1802,03/08/2022 , 07:15:00,460,460
1803,03/08/2022 , 07:30:00,490,490
1804,03/08/2022 , 07:45:00,590,590
1805,03/08/2022 , 08:00:00,748,748
1806,03/08/2022 , 08:15:00,861,861
1807,03/08/2022 , 08:30:00,1005,1005
1808,03/08/2022 , 08:45:00,1130,1130
1809,03/08/2022 , 09:00:00,1338,1338
1810,03/08/2022 , 09:15:00,1438,1438
1811,03/08/2022 , 09:30:00,1578,1578
1812,03/08/2022 , 09:45:00,1715,1715
1813,03/08/2022 , 10:00:00,1832,1832
1814,03/08/2022 , 10:15:00,1972,1972
1815,03/08/2022 , 10:30:00,2131,2131
1816,03/08/2022 , 10:45:00,2214,2214
1817,03/08/2022 , 11:00:00,2342,2342
1818,03/08/2022 , 11:15:00,2435,2435
1819,03/08/2022 , 11:30:00,6935,6935
1820,03/08/2022 , 11:45:00,3319,3319
1821,03/08/2022 , 12:00:00,4524,4524
1822,03/08/2022 , 12:15:00,2850,2850
1823,03/08/2022 , 12:30:00,2565,2565
1824,03/08/2022 , 12:45:00,3375,3375
1825,03/08/2022 , 13:00:00,2523,2523
1826,03/08/2022 , 13:15:00,2761,2761
1827,03/08/2022 , 13:30:00,3271,3271
1828,03/08/2022 , 13:45:00,21505,21505
1829,03/08/2022 , 14:00:00,27205,27205
1830,03/08/2022 , 14:15:00,27657,27657
1831,03/08/2022 , 14:30:00,8461,8461
1832,03/08/2022 , 14:45:00,8729,8729
1833,03/08/2022 , 15:00:00,28097,28097
1834,03/08/2022 , 15:15:00,10004,10004
1835,03/08/2022 , 15:30:00,7721,7721
1836,03/08/2022 , 15:45:00,4294,4294
1837,03/08/2022 , 16:00:00,4072,4072
1838,03/08/2022 , 16:15:00,5358,5358
1839,03/08/2022 , 16:30:00,6481,6481
1840,03/08/2022 , 16:45:00,3949,3949
1841,03/08/2022 , 17:00:00,7740,7740
1842,03/08/2022 , 17:15:00,2347,2347
1843,03/08/2022 , 17:30:00,2178,2178
1844,03/08/2022 , 17:45:00,1901,1901
1845,03/08/2022 , 18:00:00,2292,2292
1846,03/08/2022 , 18:15:00,2391,2391
1847,03/08/2022 , 18:30:00,3326,3326
1848,03/08/2022 , 18:45:00,14121,14121
1849,03/08/2022 , 19:00:00,14205,14205
1850,03/08/2022 , 19:15:00,6090,6090
1851,03/08/2022 , 19:30:00,3816,3816
1852,03/08/2022 , 19:45:00,3408,3408
1853,03/08/2022 , 20:00:00,1826,1826
1854,03/08/2022 , 20:15:00,1440,1440
1855,03/08/2022 , 20:30:00,1053,1053
1856,03/08/2022 , 20:45:00,902,902
1857,03/08/2022 , 21:00:00,689,689
1858,03/08/2022 , 21:15:00,474,474
1859,03/08/2022 , 21:30:00,367,367
1860,03/08/2022 , 21:45:00,287,287
1861,03/08/2022 , 22:00:00,232,232
1862,03/08/2022 , 22:15:00,190,190
1863,03/08/2022 , 22:30:00,147,147
1864,03/08/2022 , 22:45:00,107,107
1865,03/08/2022 , 23:00:00,69,69
1866,03/08/2022 , 23:15:00,37,37
1867,03/08/2022 , 23:30:00,16,16
1868,03/08/2022 , 23:45:00,6,6
1869,03/08/2022 , 24:00:00,2,2
1870,04/08/2022 , 00:15:00,0,0
1871,04/08/2022 , 00:30:00,0,0
1872,04/08/2022 , 00:45:00,0,0
1873,04/08/2022 , 01:00:00,0,0
1874,04/08/2022 , 01:15:00,0,0
1875,04/08/2022 , 01:30:00,0,0
1876,04/08/2022 , 01:45:00,0,0
1877,04/08/2022 , 02:00:00,0,0
1878,04/08/2022 , 02:15:00,0,0
1879,04/08/2022 , 02:30:00,0,0
1880,04/08/2022 , 02:45:00,0,0
1881,04/08/2022 , 03:00:00,0,0
1882,04/08/2022 , 03:15:00,0,0
1883,04/08/2022 , 03:30:00,0,0
1884,04/08/2022 , 03:45:00,0,0
1885,04/08/2022 , 04:00:00,0,0
1886,04/08/2022 , 04:15:00,1,1
1887,04/08/2022 , 04:30:00,6,6
1888,04/08/2022 , 04:45:00,16,16
1889,04/08/2022 , 05:00:00,34,34
1890,04/08/2022 , 05:15:00,59,59
1891,04/08/2022 , 05:30:00,92,92
1892,04/08/2022 , 05:45:00,128,128
1893,04/08/2022 , 06:00:00,166,166
1894,04/08/2022 , 06:15:00,203,203
1895,04/08/2022 , 06:30:00,312,312
1896,04/08/2022 , 06:45:00,428,428
1897,04/08/2022 , 07:00:00,458,458
1898,04/08/2022 , 07:15:00,514,514
1899,04/08/2022 , 07:30:00,580,580
1900,04/08/2022 , 07:45:00,679,679
1901,04/08/2022 , 08:00:00,770,770
1902,04/08/2022 , 08:15:00,944,944
1903,04/08/2022 , 08:30:00,1477,1477
1904,04/08/2022 , 08:45:00,1454,1454
1905,04/08/2022 , 09:00:00,1477,1477
1906,04/08/2022 , 09:15:00,1614,1614
1907,04/08/2022 , 09:30:00,1758,1758
1908,04/08/2022 , 09:45:00,1898,1898
1909,04/08/2022 , 10:00:00,2020,2020
1910,04/08/2022 , 10:15:00,2173,2173
1911,04/08/2022 , 10:30:00,2295,2295
1912,04/08/2022 , 10:45:00,2448,2448
1913,04/08/2022 , 11:00:00,2683,2683
1914,04/08/2022 , 11:15:00,2627,2627
1915,04/08/2022 , 11:30:00,3612,3612
1916,04/08/2022 , 11:45:00,6849,6849
1917,04/08/2022 , 12:00:00,2773,2773
1918,04/08/2022 , 12:15:00,3844,3844
1919,04/08/2022 , 12:30:00,2871,2871
1920,04/08/2022 , 12:45:00,5349,5349
1921,04/08/2022 , 13:00:00,2648,2648
1922,04/08/2022 , 13:15:00,2877,2877
1923,04/08/2022 , 13:30:00,3483,3483
1924,04/08/2022 , 13:45:00,8549,8549
1925,04/08/2022 , 14:00:00,12406,12406
1926,04/08/2022 , 14:15:00,26351,26351
1927,04/08/2022 , 14:30:00,16901,16901
1928,04/08/2022 , 14:45:00,17072,17072
1929,04/08/2022 , 15:00:00,9841,9841
1930,04/08/2022 , 15:15:00,10036,10036
1931,04/08/2022 , 15:30:00,6257,6257
1932,04/08/2022 , 15:45:00,2768,2768
1933,04/08/2022 , 16:00:00,3945,3945
1934,04/08/2022 , 16:15:00,5834,5834
1935,04/08/2022 , 16:30:00,4394,4394
1936,04/08/2022 , 16:45:00,2873,2873
1937,04/08/2022 , 17:00:00,3743,3743
1938,04/08/2022 , 17:15:00,2915,2915
1939,04/08/2022 , 17:30:00,3374,3374
1940,04/08/2022 , 17:45:00,2466,2466
1941,04/08/2022 , 18:00:00,1587,1587
1942,04/08/2022 , 18:15:00,894,894
1943,04/08/2022 , 18:30:00,1018,1018
1944,04/08/2022 , 18:45:00,1817,1817
1945,04/08/2022 , 19:00:00,1358,1358
1946,04/08/2022 , 19:15:00,1110,1110
1947,04/08/2022 , 19:30:00,655,655
1948,04/08/2022 , 19:45:00,566,566
1949,04/08/2022 , 20:00:00,854,854
1950,04/08/2022 , 20:15:00,493,493
1951,04/08/2022 , 20:30:00,418,418
1952,04/08/2022 , 20:45:00,381,381
1953,04/08/2022 , 21:00:00,369,369
1954,04/08/2022 , 21:15:00,435,435
1955,04/08/2022 , 21:30:00,309,309
1956,04/08/2022 , 21:45:00,264,264
1957,04/08/2022 , 22:00:00,255,255
1958,04/08/2022 , 22:15:00,333,333
1959,04/08/2022 , 22:30:00,299,299
1960,04/08/2022 , 22:45:00,81,81
1961,04/08/2022 , 23:00:00,11,11
1962,04/08/2022 , 23:15:00,3,3
1963,04/08/2022 , 23:30:00,1,1
1964,04/08/2022 , 23:45:00,1,1
1965,04/08/2022 , 24:00:00,0,0
1966,05/08/2022 , 00:15:00,0,0
1967,05/08/2022 , 00:30:00,0,0
1968,05/08/2022 , 00:45:00,0,0
1969,05/08/2022 , 01:00:00,0,0
1970,05/08/2022 , 01:15:00,0,0
1971,05/08/2022 , 01:30:00,0,0
1972,05/08/2022 , 01:45:00,0,0
1973,05/08/2022 , 02:00:00,0,0
1974,05/08/2022 , 02:15:00,0,0
1975,05/08/2022 , 02:30:00,0,0
1976,05/08/2022 , 02:45:00,0,0
1977,05/08/2022 , 03:00:00,0,0
1978,05/08/2022 , 03:15:00,0,0
1979,05/08/2022 , 03:30:00,0,0
1980,05/08/2022 , 03:45:00,0,0
1981,05/08/2022 , 04:00:00,0,0
1982,05/08/2022 , 04:15:00,0,0
1983,05/08/2022 , 04:30:00,0,0
1984,05/08/2022 , 04:45:00,0,0
1985,05/08/2022 , 05:00:00,5,5
1986,05/08/2022 , 05:15:00,13,13
1987,05/08/2022 , 05:30:00,20,20
1988,05/08/2022 , 05:45:00,40,40
1989,05/08/2022 , 06:00:00,156,156
1990,05/08/2022 , 06:15:00,120,120
1991,05/08/2022 , 06:30:00,192,192
1992,05/08/2022 , 06:45:00,130,130
1993,05/08/2022 , 07:00:00,257,257
1994,05/08/2022 , 07:15:00,395,395
1995,05/08/2022 , 07:30:00,477,477
1996,05/08/2022 , 07:45:00,361,361
1997,05/08/2022 , 08:00:00,404,404
1998,05/08/2022 , 08:15:00,408,408
1999,05/08/2022 , 08:30:00,520,520
2000,05/08/2022 , 08:45:00,563,563
2001,05/08/2022 , 09:00:00,827,827
2002,05/08/2022 , 09:15:00,863,863
2003,05/08/2022 , 09:30:00,700,700
2004,05/08/2022 , 09:45:00,756,756
2005,05/08/2022 , 10:00:00,871,871
2006,05/08/2022 , 10:15:00,1295,1295
2007,05/08/2022 , 10:30:00,927,927
2008,05/08/2022 , 10:45:00,975,975
2009,05/08/2022 , 11:00:00,1187,1187
2010,05/08/2022 , 11:15:00,1041,1041
2011,05/08/2022 , 11:30:00,1080,1080
2012,05/08/2022 , 11:45:00,1004,1004
2013,05/08/2022 , 12:00:00,1481,1481
2014,05/08/2022 , 12:15:00,1179,1179
2015,05/08/2022 , 12:30:00,1129,1129
2016,05/08/2022 , 12:45:00,1591,1591
2017,05/08/2022 , 13:00:00,1410,1410
2018,05/08/2022 , 13:15:00,1482,1482
2019,05/08/2022 , 13:30:00,1283,1283
2020,05/08/2022 , 13:45:00,1092,1092
2021,05/08/2022 , 14:00:00,1306,1306
2022,05/08/2022 , 14:15:00,1582,1582
2023,05/08/2022 , 14:30:00,1761,1761
2024,05/08/2022 , 14:45:00,2277,2277
2025,05/08/2022 , 15:00:00,1450,1450
2026,05/08/2022 , 15:15:00,2280,2280
2027,05/08/2022 , 15:30:00,2365,2365
2028,05/08/2022 , 15:45:00,1875,1875
2029,05/08/2022 , 16:00:00,937,937
2030,05/08/2022 , 16:15:00,1091,1091
2031,05/08/2022 , 16:30:00,2223,2223
2032,05/08/2022 , 16:45:00,2659,2659
2033,05/08/2022 , 17:00:00,1406,1406
2034,05/08/2022 , 17:15:00,3193,3193
2035,05/08/2022 , 17:30:00,1959,1959
2036,05/08/2022 , 17:45:00,3151,3151
2037,05/08/2022 , 18:00:00,2018,2018
2038,05/08/2022 , 18:15:00,1061,1061
2039,05/08/2022 , 18:30:00,1116,1116
2040,05/08/2022 , 18:45:00,1533,1533
2041,05/08/2022 , 19:00:00,2844,2844
2042,05/08/2022 , 19:15:00,1128,1128
2043,05/08/2022 , 19:30:00,462,462
2044,05/08/2022 , 19:45:00,731,731
2045,05/08/2022 , 20:00:00,585,585
2046,05/08/2022 , 20:15:00,559,559
2047,05/08/2022 , 20:30:00,608,608
2048,05/08/2022 , 20:45:00,430,430
2049,05/08/2022 , 21:00:00,487,487
2050,05/08/2022 , 21:15:00,461,461
2051,05/08/2022 , 21:30:00,274,274
2052,05/08/2022 , 21:45:00,177,177
2053,05/08/2022 , 22:00:00,110,110
2054,05/08/2022 , 22:15:00,85,85
2055,05/08/2022 , 22:30:00,77,77
2056,05/08/2022 , 22:45:00,37,37
2057,05/08/2022 , 23:00:00,23,23
2058,05/08/2022 , 23:15:00,12,12
2059,05/08/2022 , 23:30:00,6,6
2060,05/08/2022 , 23:45:00,2,2
2061,05/08/2022 , 24:00:00,0,0
2062,06/08/2022 , 00:15:00,0,0
2063,06/08/2022 , 00:30:00,0,0
2064,06/08/2022 , 00:45:00,0,0
2065,06/08/2022 , 01:00:00,0,0
2066,06/08/2022 , 01:15:00,0,0
2067,06/08/2022 , 01:30:00,0,0
2068,06/08/2022 , 01:45:00,0,0
2069,06/08/2022 , 02:00:00,0,0
2070,06/08/2022 , 02:15:00,0,0
2071,06/08/2022 , 02:30:00,0,0
2072,06/08/2022 , 02:45:00,0,0
2073,06/08/2022 , 03:00:00,0,0
2074,06/08/2022 , 03:15:00,0,0
2075,06/08/2022 , 03:30:00,0,0
2076,06/08/2022 , 03:45:00,0,0
2077,06/08/2022 , 04:00:00,0,0
2078,06/08/2022 , 04:15:00,0,0
2079,06/08/2022 , 04:30:00,0,0
2080,06/08/2022 , 04:45:00,2,2
2081,06/08/2022 , 05:00:00,11,11
2082,06/08/2022 , 05:15:00,29,29
2083,06/08/2022 , 05:30:00,47,47
2084,06/08/2022 , 05:45:00,52,52
2085,06/08/2022 , 06:00:00,80,80
2086,06/08/2022 , 06:15:00,107,107
2087,06/08/2022 , 06:30:00,235,235
2088,06/08/2022 , 06:45:00,400,400
2089,06/08/2022 , 07:00:00,457,457
2090,06/08/2022 , 07:15:00,367,367
2091,06/08/2022 , 07:30:00,328,328
2092,06/08/2022 , 07:45:00,541,541
2093,06/08/2022 , 08:00:00,1130,1130
2094,06/08/2022 , 08:15:00,1262,1262
2095,06/08/2022 , 08:30:00,918,918
2096,06/08/2022 , 08:45:00,795,795
2097,06/08/2022 , 09:00:00,641,641
2098,06/08/2022 , 09:15:00,681,681
2099,06/08/2022 , 09:30:00,1435,1435
2100,06/08/2022 , 09:45:00,1091,1091
2101,06/08/2022 , 10:00:00,1042,1042
2102,06/08/2022 , 10:15:00,964,964
2103,06/08/2022 , 10:30:00,1277,1277
2104,06/08/2022 , 10:45:00,1172,1172
2105,06/08/2022 , 11:00:00,765,765
2106,06/08/2022 , 11:15:00,813,813
2107,06/08/2022 , 11:30:00,1319,1319
2108,06/08/2022 , 11:45:00,1112,1112
2109,06/08/2022 , 12:00:00,1482,1482
2110,06/08/2022 , 12:15:00,3671,3671
2111,06/08/2022 , 12:30:00,1895,1895
2112,06/08/2022 , 12:45:00,2111,2111
2113,06/08/2022 , 13:00:00,2907,2907
2114,06/08/2022 , 13:15:00,3794,3794
2115,06/08/2022 , 13:30:00,1599,1599
2116,06/08/2022 , 13:45:00,1726,1726
2117,06/08/2022 , 14:00:00,5208,5208
2118,06/08/2022 , 14:15:00,10310,10310
2119,06/08/2022 , 14:30:00,8680,8680
2120,06/08/2022 , 14:45:00,19017,19017
2121,06/08/2022 , 15:00:00,16822,16822
2122,06/08/2022 , 15:15:00,7683,7683
2123,06/08/2022 , 15:30:00,3546,3546
2124,06/08/2022 , 15:45:00,1872,1872
2125,06/08/2022 , 16:00:00,2076,2076
2126,06/08/2022 , 16:15:00,1584,1584
2127,06/08/2022 , 16:30:00,932,932
2128,06/08/2022 , 16:45:00,1190,1190
2129,06/08/2022 , 17:00:00,2618,2618
2130,06/08/2022 , 17:15:00,2604,2604
2131,06/08/2022 , 17:30:00,2905,2905
2132,06/08/2022 , 17:45:00,1907,1907
2133,06/08/2022 , 18:00:00,1939,1939
2134,06/08/2022 , 18:15:00,2442,2442
2135,06/08/2022 , 18:30:00,2591,2591
2136,06/08/2022 , 18:45:00,1195,1195
2137,06/08/2022 , 19:00:00,485,485
2138,06/08/2022 , 19:15:00,2156,2156
2139,06/08/2022 , 19:30:00,3203,3203
2140,06/08/2022 , 19:45:00,1419,1419
2141,06/08/2022 , 20:00:00,1584,1584
2142,06/08/2022 , 20:15:00,1313,1313
2143,06/08/2022 , 20:30:00,978,978
2144,06/08/2022 , 20:45:00,835,835
2145,06/08/2022 , 21:00:00,609,609
2146,06/08/2022 , 21:15:00,417,417
2147,06/08/2022 , 21:30:00,325,325
2148,06/08/2022 , 21:45:00,211,211
2149,06/08/2022 , 22:00:00,147,147
2150,06/08/2022 , 22:15:00,120,120
2151,06/08/2022 , 22:30:00,94,94
2152,06/08/2022 , 22:45:00,55,55
2153,06/08/2022 , 23:00:00,29,29
2154,06/08/2022 , 23:15:00,8,8
2155,06/08/2022 , 23:30:00,3,3
2156,06/08/2022 , 23:45:00,1,1
2157,06/08/2022 , 24:00:00,0,0
2158,07/08/2022 , 00:15:00,0,0
2159,07/08/2022 , 00:30:00,0,0
2160,07/08/2022 , 00:45:00,0,0
2161,07/08/2022 , 01:00:00,0,0
2162,07/08/2022 , 01:15:00,0,0
2163,07/08/2022 , 01:30:00,0,0
2164,07/08/2022 , 01:45:00,0,0
2165,07/08/2022 , 02:00:00,0,0
2166,07/08/2022 , 02:15:00,0,0
2167,07/08/2022 , 02:30:00,0,0
2168,07/08/2022 , 02:45:00,0,0
2169,07/08/2022 , 03:00:00,0,0
2170,07/08/2022 , 03:15:00,0,0
2171,07/08/2022 , 03:30:00,0,0
2172,07/08/2022 , 03:45:00,0,0
2173,07/08/2022 , 04:00:00,0,0
2174,07/08/2022 , 04:15:00,0,0
2175,07/08/2022 , 04:30:00,0,0
2176,07/08/2022 , 04:45:00,2,2
2177,07/08/2022 , 05:00:00,7,7
2178,07/08/2022 , 05:15:00,12,12
2179,07/08/2022 , 05:30:00,20,20
2180,07/08/2022 , 05:45:00,29,29
2181,07/08/2022 , 06:00:00,56,56
2182,07/08/2022 , 06:15:00,62,62
2183,07/08/2022 , 06:30:00,121,121
2184,07/08/2022 , 06:45:00,262,262
2185,07/08/2022 , 07:00:00,300,300
2186,07/08/2022 , 07:15:00,429,429
2187,07/08/2022 , 07:30:00,658,658
2188,07/08/2022 , 07:45:00,706,706
2189,07/08/2022 , 08:00:00,866,866
2190,07/08/2022 , 08:15:00,1023,1023
2191,07/08/2022 , 08:30:00,1068,1068
2192,07/08/2022 , 08:45:00,1315,1315
2193,07/08/2022 , 09:00:00,1393,1393
2194,07/08/2022 , 09:15:00,1137,1137
2195,07/08/2022 , 09:30:00,2200,2200
2196,07/08/2022 , 09:45:00,1520,1520
2197,07/08/2022 , 10:00:00,1609,1609
2198,07/08/2022 , 10:15:00,2166,2166
2199,07/08/2022 , 10:30:00,3564,3564
2200,07/08/2022 , 10:45:00,2308,2308
2201,07/08/2022 , 11:00:00,2388,2388
2202,07/08/2022 , 11:15:00,1927,1927
2203,07/08/2022 , 11:30:00,1834,1834
2204,07/08/2022 , 11:45:00,3885,3885
2205,07/08/2022 , 12:00:00,3642,3642
2206,07/08/2022 , 12:15:00,3835,3835
2207,07/08/2022 , 12:30:00,2817,2817
2208,07/08/2022 , 12:45:00,5206,5206
2209,07/08/2022 , 13:00:00,4160,4160
2210,07/08/2022 , 13:15:00,4532,4532
2211,07/08/2022 , 13:30:00,5409,5409
2212,07/08/2022 , 13:45:00,2447,2447
2213,07/08/2022 , 14:00:00,6890,6890
2214,07/08/2022 , 14:15:00,5537,5537
2215,07/08/2022 , 14:30:00,5478,5478
2216,07/08/2022 , 14:45:00,7987,7987
2217,07/08/2022 , 15:00:00,2908,2908
2218,07/08/2022 , 15:15:00,2541,2541
2219,07/08/2022 , 15:30:00,3907,3907
2220,07/08/2022 , 15:45:00,2823,2823
2221,07/08/2022 , 16:00:00,2205,2205
2222,07/08/2022 , 16:15:00,3140,3140
2223,07/08/2022 , 16:30:00,3517,3517
2224,07/08/2022 , 16:45:00,4363,4363
2225,07/08/2022 , 17:00:00,3721,3721
2226,07/08/2022 , 17:15:00,3085,3085
2227,07/08/2022 , 17:30:00,3832,3832
2228,07/08/2022 , 17:45:00,2344,2344
2229,07/08/2022 , 18:00:00,1966,1966
2230,07/08/2022 , 18:15:00,1645,1645
2231,07/08/2022 , 18:30:00,1270,1270
2232,07/08/2022 , 18:45:00,822,822
2233,07/08/2022 , 19:00:00,813,813
2234,07/08/2022 , 19:15:00,819,819
2235,07/08/2022 , 19:30:00,574,574
2236,07/08/2022 , 19:45:00,608,608
2237,07/08/2022 , 20:00:00,849,849
2238,07/08/2022 , 20:15:00,485,485
2239,07/08/2022 , 20:30:00,432,432
2240,07/08/2022 , 20:45:00,594,594
2241,07/08/2022 , 21:00:00,422,422
2242,07/08/2022 , 21:15:00,357,357
2243,07/08/2022 , 21:30:00,222,222
2244,07/08/2022 , 21:45:00,157,157
2245,07/08/2022 , 22:00:00,164,164
2246,07/08/2022 , 22:15:00,150,150
2247,07/08/2022 , 22:30:00,81,81
2248,07/08/2022 , 22:45:00,37,37
2249,07/08/2022 , 23:00:00,17,17
2250,07/08/2022 , 23:15:00,6,6
2251,07/08/2022 , 23:30:00,2,2
2252,07/08/2022 , 23:45:00,0,0
2253,07/08/2022 , 24:00:00,0,0
2254,08/08/2022 , 00:15:00,0,0
2255,08/08/2022 , 00:30:00,0,0
2256,08/08/2022 , 00:45:00,0,0
2257,08/08/2022 , 01:00:00,0,0
2258,08/08/2022 , 01:15:00,0,0
2259,08/08/2022 , 01:30:00,0,0
2260,08/08/2022 , 01:45:00,0,0
2261,08/08/2022 , 02:00:00,0,0
2262,08/08/2022 , 02:15:00,0,0
2263,08/08/2022 , 02:30:00,0,0
2264,08/08/2022 , 02:45:00,0,0
2265,08/08/2022 , 03:00:00,0,0
2266,08/08/2022 , 03:15:00,0,0
2267,08/08/2022 , 03:30:00,0,0
2268,08/08/2022 , 03:45:00,0,0
2269,08/08/2022 , 04:00:00,0,0
2270,08/08/2022 , 04:15:00,0,0
2271,08/08/2022 , 04:30:00,0,0
2272,08/08/2022 , 04:45:00,0,0
2273,08/08/2022 , 05:00:00,6,6
2274,08/08/2022 , 05:15:00,14,14
2275,08/08/2022 , 05:30:00,25,25
2276,08/08/2022 , 05:45:00,65,65
2277,08/08/2022 , 06:00:00,90,90
2278,08/08/2022 , 06:15:00,113,113
2279,08/08/2022 , 06:30:00,188,188
2280,08/08/2022 , 06:45:00,275,275
2281,08/08/2022 , 07:00:00,518,518
2282,08/08/2022 , 07:15:00,414,414
2283,08/08/2022 , 07:30:00,201,201
2284,08/08/2022 , 07:45:00,164,164
2285,08/08/2022 , 08:00:00,171,171
2286,08/08/2022 , 08:15:00,168,168
2287,08/08/2022 , 08:30:00,233,233
2288,08/08/2022 , 08:45:00,304,304
2289,08/08/2022 , 09:00:00,295,295
2290,08/08/2022 , 09:15:00,556,556
2291,08/08/2022 , 09:30:00,629,629
2292,08/08/2022 , 09:45:00,1010,1010
2293,08/08/2022 , 10:00:00,1768,1768
2294,08/08/2022 , 10:15:00,1696,1696
2295,08/08/2022 , 10:30:00,2023,2023
2296,08/08/2022 , 10:45:00,2603,2603
2297,08/08/2022 , 11:00:00,2122,2122
2298,08/08/2022 , 11:15:00,1594,1594
2299,08/08/2022 , 11:30:00,3230,3230
2300,08/08/2022 , 11:45:00,4454,4454
2301,08/08/2022 , 12:00:00,3509,3509
2302,08/08/2022 , 12:15:00,4458,4458
2303,08/08/2022 , 12:30:00,4614,4614
2304,08/08/2022 , 12:45:00,4494,4494
2305,08/08/2022 , 13:00:00,4037,4037
