"","date","GPP_mean","GPP_se_mean","GPP_sd","GPP_2.5pct","GPP_25pct","GPP_50pct","GPP_75pct","GPP_97.5pct","GPP_n_eff","GPP_Rhat","ER_mean","ER_se_mean","ER_sd","ER_2.5pct","ER_25pct","ER_50pct","ER_75pct","ER_97.5pct","ER_n_eff","ER_Rhat","DO_R2_mean","DO_R2_se_mean","DO_R2_sd","DO_R2_2.5pct","DO_R2_25pct","DO_R2_50pct","DO_R2_75pct","DO_R2_97.5pct","DO_R2_n_eff","DO_R2_Rhat","GPP_daily_mean","GPP_daily_se_mean","GPP_daily_sd","GPP_daily_2.5pct","GPP_daily_25pct","GPP_daily_50pct","GPP_daily_75pct","GPP_daily_97.5pct","GPP_daily_n_eff","GPP_daily_Rhat","ER_daily_mean","ER_daily_se_mean","ER_daily_sd","ER_daily_2.5pct","ER_daily_25pct","ER_daily_50pct","ER_daily_75pct","ER_daily_97.5pct","ER_daily_n_eff","ER_daily_Rhat","K600_daily_mean","K600_daily_se_mean","K600_daily_sd","K600_daily_2.5pct","K600_daily_25pct","K600_daily_50pct","K600_daily_75pct","K600_daily_97.5pct","K600_daily_n_eff","K600_daily_Rhat","K600_daily_predlog_mean","K600_daily_predlog_se_mean","K600_daily_predlog_sd","K600_daily_predlog_2.5pct","K600_daily_predlog_25pct","K600_daily_predlog_50pct","K600_daily_predlog_75pct","K600_daily_predlog_97.5pct","K600_daily_predlog_n_eff","K600_daily_predlog_Rhat","valid_day","warnings","errors"
"1",2021-06-30,NA,NA,NA,NA,NA,NA,NA,NA,NA,NA,NA,NA,NA,NA,NA,NA,NA,NA,NA,NA,NA,NA,NA,NA,NA,NA,NA,NA,NA,NA,NA,NA,NA,NA,NA,NA,NA,NA,NA,NA,NA,NA,NA,NA,NA,NA,NA,NA,NA,NA,NA,NA,NA,NA,NA,NA,NA,NA,NA,NA,NA,NA,NA,NA,NA,NA,NA,NA,NA,NA,FALSE,"","data don't start when expected"
"2",2021-07-01,3.40444296247977,0.0265511433217702,0.255261841552845,2.92405520756035,3.22577975298389,3.3950497455609,3.57702508194886,3.92089317870811,92.428380193701,1.02738421827578,-8.34246066837654,0.0596000447227398,0.56273875866306,-9.50669542682751,-8.71889414320219,-8.31576844141852,-7.95990494277885,-7.25481076496805,89.1498229945054,1.02866793233369,0.999999668392048,1.28126735782973e-07,2.45022382684468e-07,0.999999076825706,0.999999520876977,0.999999749582567,0.999999863751241,0.999999936981129,3.65705922419527,1.80882462642396,3.40444296247922,0.0265511433217662,0.255261841552804,2.92405520755987,3.22577975298336,3.39504974556034,3.57702508194828,3.92089317870747,92.4283801936986,1.02738421827578,-8.34246066837654,0.0596000447227398,0.56273875866306,-9.50669542682753,-8.71889414320218,-8.31576844141851,-7.95990494277884,-7.25481076496807,89.1498229945054,1.02866793233369,13.2574073895992,0.0881647511896336,0.881007933909045,11.5383031596244,12.6670617903505,13.2254009975644,13.8434508416733,15.0731659825422,99.8549656200405,1.02672903860786,2.62303197627667,0.00200758853213092,0.0294169056105384,2.56626110911871,2.60287458363937,2.6229454978188,2.64289267926019,2.68238847250647,214.706188109684,1.00907242750758,TRUE,"",""
"3",2021-07-02,3.42403731369714,0.0210332156630762,0.213765062995328,2.98532610742269,3.28600584167959,3.4329265949055,3.56705465542638,3.83010522541698,103.290910212088,1.00943886411405,-6.51488294732097,0.0406036096689113,0.40152448390178,-7.29166503701462,-6.78851651608726,-6.51637485252665,-6.26183483847843,-5.68277652186016,97.7900744542071,1.01102054849665,0.99999973610879,1.02043965121713e-07,1.95714669572115e-07,0.999999265067468,0.999999617645343,0.999999800136881,0.999999892878363,0.99999994967216,3.67851140237388,1.80430740752355,3.42403731369658,0.0210332156630725,0.213765062995294,2.98532610742221,3.28600584167906,3.43292659490494,3.5670546554258,3.83010522541636,103.29091021209,1.00943886411405,-6.51488294732097,0.0406036096689113,0.40152448390178,-7.29166503701462,-6.78851651608726,-6.51637485252664,-6.26183483847844,-5.68277652186016,97.7900744542071,1.01102054849665,9.9409004306907,0.0609939331702203,0.638070307967255,8.59755659097387,9.53818367610484,9.94301971666687,10.36899860878,11.1844453046401,109.436902434455,1.01377411326609,2.65412192064853,0.002190957961572,0.0301623177711706,2.59678869612762,2.63311673983297,2.65411798352568,2.67480274598653,2.71422038687115,189.522742706787,1.01416293539834,TRUE,"",""
"4",2021-07-03,3.51029122615405,0.0212132530765555,0.19718673791446,3.12644928692012,3.37570206559467,3.51294450003605,3.6469907894752,3.89055223094307,86.4053947373528,1.06100281041185,-5.64058266566969,0.0375746042580652,0.330640062811124,-6.28748235508403,-5.86309584899521,-5.64003092510975,-5.4233128489669,-4.97431589054122,77.4322928048547,1.07005832888596,0.999999724552188,1.06104895066957e-07,2.06009089056259e-07,0.999999228171546,0.999999599608723,0.999999791696621,0.999999886642117,0.999999945888795,3.76965775842907,1.75407236430111,3.51029122615348,0.0212132530765541,0.197186737914427,3.12644928691961,3.37570206559412,3.51294450003547,3.64699078947461,3.89055223094243,86.4053947373359,1.06100281041184,-5.64058266566969,0.0375746042580651,0.330640062811124,-6.28748235508404,-5.86309584899522,-5.64003092510975,-5.42331284896691,-4.97431589054121,77.4322928048547,1.07005832888596,9.79473638474295,0.0552739470784706,0.583549327413694,8.64676379183955,9.40299930183336,9.80189548537007,10.1891256668572,10.931615533747,111.45875531793,1.06449695070518,2.70269989391854,0.00240336734569482,0.0303872948454035,2.64381295133441,2.68203553519031,2.70302764426895,2.72358153854758,2.76241728374926,159.861457145862,1.02189488698123,TRUE,"",""
"5",2021-07-04,5.47225239041417,0.0236253247099624,0.271479923480107,4.91786555392636,5.29133806814618,5.47550710732299,5.66042301919491,5.98465576242064,132.044362372252,1.02521005581465,-8.79501388625402,0.0381974498310792,0.429797256674532,-9.61485160258439,-9.0953717226734,-8.79692248458428,-8.50573710989154,-7.9027480216375,126.607239575348,1.02783803698281,0.999999812333404,7.21097985944481e-08,1.39048358109624e-07,0.99999947463157,0.999999727861982,0.999999856950927,0.999999924205811,0.999999964575498,3.71828919843598,1.79509017599348,5.47225239041328,0.0236253247099583,0.271479923480063,4.91786555392556,5.29133806814532,5.4755071073221,5.66042301919399,5.98465576241967,132.044362372255,1.02521005581465,-8.79501388625402,0.0381974498310792,0.429797256674533,-9.6148516025844,-9.09537172267341,-8.79692248458427,-8.50573710989153,-7.90274802163749,126.607239575348,1.02783803698281,14.9873943954487,0.0627177097185541,0.719507880985951,13.5331810545776,14.5070269966103,14.9778769031168,15.4829946901537,16.3595754735579,131.610557594896,1.02843724938066,2.71188235023695,0.00208954606577414,0.0273751245137536,2.65901013864773,2.69328744835245,2.71199015979327,2.73084703879431,2.7653760209172,171.635969093936,1.02058389305302,TRUE,"",""
"6",2021-07-05,5.95439912514443,0.0332189392255897,0.302107876330107,5.38202723012737,5.74555482447922,5.94623736936063,6.16197900876617,6.56466506674963,82.708963030892,1.03901713295883,-10.1748246746568,0.0560370600517356,0.508267035348863,-11.2240815937636,-10.5247669315582,-10.1541994811304,-9.8251251779411,-9.22384892213957,82.2684287441669,1.04115110565882,0.999999792267715,7.91547269438358e-08,1.53196222140311e-07,0.999999416247581,0.999999698144949,0.999999846394913,0.999999914045117,0.999999959573851,3.74578116096699,1.79005770278278,5.95439912514346,0.0332189392255842,0.302107876330058,5.38202723012649,5.74555482447829,5.94623736935966,6.16197900876517,6.56466506674856,82.7089630308924,1.03901713295882,-10.1748246746568,0.0560370600517357,0.508267035348863,-11.2240815937636,-10.5247669315583,-10.1541994811304,-9.82512517794109,-9.22384892213958,82.2684287441668,1.04115110565882,17.1211197851099,0.0918875258481203,0.858158664494894,15.5091998068751,16.515882917234,17.1040901923015,17.7107061448358,18.8455357019772,87.2212020457367,1.04049629867674,2.71327914883391,0.00203358862885474,0.0269980370915606,2.66136117485534,2.69493829111504,2.71349938230969,2.73201336563145,2.76603911501474,176.253670408705,1.02026596338298,TRUE,"",""
"7",2021-07-06,3.55820287302358,0.0210306482203548,0.222589947892154,3.17164131991734,3.3942829482116,3.54798161006446,3.70501915705004,4.01401546336016,112.02263336843,1.02589110452664,-6.77525493640564,0.0398768090707309,0.426885808065946,-7.67057280836909,-7.06050977026613,-6.74896405929468,-6.46455596334291,-6.03070535855654,114.599477032138,1.0230608826731,0.999999631778317,1.42112873248894e-07,2.73525669718477e-07,0.99999897185805,0.999999467535299,0.999999725556971,0.99999984978851,0.999999928726526,3.70449778849484,1.78846312230829,3.55820287302301,0.021030648220352,0.222589947892118,3.17164131991683,3.39428294821105,3.54798161006388,3.70501915704944,4.0140154633595,112.022633368423,1.02589110452664,-6.77525493640564,0.039876809070731,0.426885808065946,-7.67057280836909,-7.06050977026613,-6.74896405929468,-6.46455596334292,-6.03070535855655,114.599477032138,1.0230608826731,12.1439719509198,0.0644767542447871,0.760685716534963,10.7851952000461,11.5899998249997,12.107922497706,12.6416593528655,13.708803610361,139.188767459098,1.01732751127272,2.72257716380736,0.00157279123711949,0.0251503206075607,2.67443751366141,2.70528995674889,2.72298853219578,2.73969760522974,2.77195653743895,255.708338130575,1.01728075376621,TRUE,"",""
"8",2021-07-07,5.28669063019359,0.0236713369044384,0.256005485036062,4.76749995043815,5.10707662772589,5.29963354369703,5.46185941097868,5.76584857410056,116.964203448491,1.01399843797698,-8.97896528979713,0.0421293785090135,0.438244068076971,-9.78872830675812,-9.27812178156507,-9.00559941340618,-8.68045713959891,-8.02597926403026,108.20865221012,1.01379744081397,0.999999788391696,8.14310154753528e-08,1.57602168239895e-07,0.999999401785737,0.999999696891349,0.999999840394181,0.999999912918743,0.99999995956955,3.74580077243824,1.77841761669316,5.28669063019273,0.0236713369044348,0.25600548503602,4.76749995043737,5.10707662772506,5.29963354369617,5.46185941097779,5.76584857409962,116.964203448489,1.01399843797698,-8.97896528979713,0.0421293785090136,0.438244068076971,-9.78872830675811,-9.27812178156507,-9.00559941340618,-8.68045713959891,-8.02597926403026,108.20865221012,1.01379744081397,14.8290049419547,0.07099011785537,0.736501134759944,13.2410116986848,14.3309438703348,14.8635881519695,15.3403828833377,16.1827637176069,107.634388119682,1.01371525284943,2.62958244044267,0.00204159625510435,0.0295087070348641,2.5730315800944,2.60945309383944,2.62940938694106,2.64951308431977,2.688997511399,208.910678976594,1.01004422756575,TRUE,"",""
"9",2021-07-08,4.36002618670343,0.0171796027924525,0.224215153721293,3.90755757559508,4.2138540948587,4.36000064942203,4.50952560844233,4.79942974056452,170.334918066376,1.02491014125891,-8.97288634577458,0.0351196261136284,0.45072836665021,-9.85446868228425,-9.26883280114135,-8.97113541344485,-8.6875752965759,-8.06149902275243,164.713810830972,1.02557587964478,0.999999707022852,1.12671857229715e-07,2.17765302426812e-07,0.999999165525135,0.99999957566646,0.999999778470492,0.999999881818309,0.999999943004208,3.73548037684147,1.78500311738154,4.36002618670272,0.0171796027924501,0.224215153721256,3.90755757559445,4.21385409485802,4.36000064942132,4.50952560844159,4.79942974056374,170.334918066368,1.02491014125891,-8.97288634577458,0.0351196261136284,0.45072836665021,-9.85446868228424,-9.26883280114135,-8.97113541344485,-8.6875752965759,-8.06149902275244,164.713810830971,1.02557587964478,15.5238210435157,0.0589793824695921,0.791923357523728,13.9166341668969,15.0172863512836,15.5179487140275,16.0449161412684,17.0734606943946,180.287602297903,1.02355390376246,2.697352955136,0.00256004232212519,0.0324102791270303,2.63498622781952,2.67506743948853,2.69797073611643,2.71951352408909,2.76038970890063,160.277017592351,1.02212205061927,TRUE,"",""
"10",2021-07-09,4.41236258243987,0.0224639588522015,0.236684286509048,3.95829192718343,4.25128157551274,4.41038402120076,4.57227459850618,4.87711710158121,111.011063223796,1.06373600912014,-8.77664191203166,0.0423362827537941,0.445797293013488,-9.66870574957992,-9.09169311767142,-8.76411676421678,-8.46041090888303,-7.94062197066078,110.879027431451,1.0719434291348,0.999999752215604,9.58924082059191e-08,1.84627730656303e-07,0.999999305576231,0.999999638190896,0.999999814342039,0.999999899506125,0.999999953933641,3.70702412402759,1.78381434529732,4.41236258243915,0.0224639588521982,0.23668428650901,3.95829192718279,4.25128157551204,4.41038402120004,4.57227459850544,4.87711710158042,111.011063223792,1.06373600912014,-8.77664191203166,0.0423362827537941,0.445797293013488,-9.66870574957994,-9.09169311767144,-8.76411676421677,-8.46041090888304,-7.94062197066076,110.879027431451,1.0719434291348,15.3038611401192,0.0753360338005822,0.769032499107251,13.8868908259718,14.7581239103601,15.2725179220111,15.8269013944205,16.8681454717886,104.203878104161,1.07107861643919,2.70517228944882,0.002325334197262,0.0294931452779324,2.64762193311618,2.6852314940669,2.70556958906706,2.7256128132969,2.76322373524776,160.868652145644,1.02166258579903,TRUE,"",""
"11",2021-07-10,3.85746662377495,0.0131806248119757,0.205462528575491,3.47387846608853,3.71828169331533,3.84133503057591,3.9936813073644,4.26932125792468,242.992719305427,1.00832877962659,-7.27240895815422,0.0247449437405465,0.37527270332922,-8.02554396227491,-7.51300363232951,-7.25119934605341,-7.02818285940402,-6.55506553114886,229.996385010654,1.00681644980567,0.999999780038519,8.5246480704157e-08,1.64805885756653e-07,0.999999382211267,0.999999681740243,0.99999983482896,0.99999991177118,0.999999958874293,3.73759739134851,1.77857855388687,3.85746662377432,0.0131806248119736,0.205462528575458,3.47387846608797,3.71828169331473,3.84133503057529,3.99368130736375,4.26932125792398,242.992719305425,1.00832877962659,-7.27240895815422,0.0247449437405465,0.37527270332922,-8.02554396227491,-7.51300363232951,-7.25119934605341,-7.02818285940403,-6.55506553114886,229.996385010655,1.00681644980567,12.0968190952332,0.0408298824345313,0.640069147511851,10.8698506571937,11.6668074880872,12.0799709072849,12.5139938326749,13.3752819658951,245.752264868571,1.0047343994828,2.70771943236363,0.00224227622613501,0.0286329247614966,2.65183679596887,2.68832755503058,2.70795937512339,2.727600955702,2.76378404225079,163.062163236797,1.02133567595948,TRUE,"",""
"12",2021-07-11,4.58071899619079,0.0246961719744171,0.218646502156579,4.1662330991876,4.4290321903604,4.58471630853419,4.72995471315825,4.99808533326706,78.3837048061055,1.07835257930077,-7.79549977867026,0.0429459418023558,0.371770997654171,-8.51672451241857,-8.04181848140312,-7.7985639916293,-7.54184427883478,-7.08961475471186,74.9388029059859,1.08538803377177,0.999999817555974,6.98573725263177e-08,1.35462576796479e-07,0.999999494019844,0.999999737462573,0.999999863755676,0.999999925849342,0.999999964365518,3.76022793327064,1.76995184676212,4.58071899619004,0.0246961719744126,0.218646502156544,4.16623309918692,4.42903219035968,4.58471630853344,4.72995471315748,4.99808533326625,78.3837048061088,1.07835257930077,-7.79549977867026,0.0429459418023557,0.371770997654171,-8.51672451241858,-8.04181848140313,-7.7985639916293,-7.54184427883479,-7.08961475471186,74.9388029059859,1.08538803377177,12.855355919923,0.0736926287473632,0.631909317007565,11.6469928900821,12.4322462996489,12.8594416444701,13.2715211460939,14.0974123208337,73.5294673216937,1.08853615200281,2.73185760119778,0.00136354573913612,0.0246159221228748,2.68399306623754,2.7147556419006,2.73209772926637,2.7483941965643,2.78004117955546,325.90633118085,1.01319191459354,TRUE,"",""
"13",2021-07-12,4.29337466112487,0.0275074076263892,0.216190342537248,3.86801305604743,4.14899863499454,4.29612529324542,4.44267323507344,4.72184572385897,61.7693815132242,1.08267627166857,-8.38098865046189,0.0555947481974051,0.406751774510617,-9.16482511545129,-8.67083798087604,-8.38856533523546,-8.11118029659898,-7.59218290701281,53.5292769890579,1.09226930050508,0.999999828258756,6.53433875795278e-08,1.26497133943322e-07,0.99999952024675,0.999999753442103,0.999999868896967,0.999999929775131,0.999999966300025,3.74764185000685,1.78504902626442,4.29337466112417,0.0275074076263856,0.216190342537213,3.8680130560468,4.14899863499387,4.29612529324472,4.44267323507272,4.7218457238582,61.7693815132205,1.08267627166857,-8.38098865046189,0.0555947481974052,0.406751774510617,-9.16482511545132,-8.67083798087602,-8.38856533523546,-8.11118029659899,-7.59218290701281,53.5292769890578,1.09226930050508,13.6048648456696,0.0970101416411071,0.697834264493228,12.2274229918819,13.1301901637085,13.6116510183505,14.0975634346572,14.9138944706972,51.7452277353694,1.08891235407946,2.73071754137462,0.00137809127314241,0.0246062098428594,2.68299109638407,2.71370124314596,2.73085238560483,2.74727642827023,2.7788797721544,318.81113518394,1.01371792388104,TRUE,"",""
"14",2021-07-13,5.4445663517144,0.0236036097053278,0.244286411354687,4.96795934114009,5.28409502574472,5.44090635663448,5.60723503725913,5.93155738639322,107.112898028108,1.05310881199835,-9.54911398939798,0.0418353121526003,0.415188243469084,-10.368014522353,-9.8292882600901,-9.54723294430385,-9.27025409651172,-8.72976930771241,98.4927055137645,1.05776241571288,0.999999854872194,5.64696465863694e-08,1.08873223361301e-07,0.999999586201966,0.999999792737412,0.999999891278961,0.999999940716501,0.999999972436054,3.71716656991603,1.76979144564327,5.44456635171352,0.0236036097053235,0.244286411354647,4.96795934113929,5.28409502574386,5.4409063566336,5.60723503725822,5.93155738639225,107.112898028112,1.05310881199835,-9.54911398939798,0.0418353121526001,0.415188243469084,-10.368014522353,-9.8292882600901,-9.54723294430385,-9.27025409651171,-8.72976930771242,98.4927055137658,1.05776241571288,14.3827716423264,0.0650862857602107,0.649897123408061,13.1285831541186,13.9448000341303,14.3860078683255,14.8125238697464,15.6683007650788,99.7034651104972,1.05660267375288,2.74639048382119,0.0013263284977523,0.0265321512014825,2.6951825497852,2.727809672917,2.74672298960543,2.76426260398511,2.79745535161396,400.168339400051,1.00739527567576,TRUE,"",""
"15",2021-07-14,1.17941254366393,0.0108222246352947,0.143491091215523,0.907312175655744,1.07730497961425,1.18298389122369,1.27843688773252,1.45651020668058,175.799156949285,1.01858856374445,-4.26337375422826,0.0393612954098855,0.51339271835291,-5.23702238645252,-4.61922631612715,-4.27595684196469,-3.91916645469565,-3.19193106915125,170.12206407165,1.0068240549548,0.999998910255549,4.15263845153084e-07,8.05860320755738e-07,0.999997014167063,0.999998426723597,0.999999170282401,0.999999554627634,0.999999797491349,3.76592184421254,1.7738637119566,1.17941254366374,0.010822224635293,0.1434910912155,0.907312175655597,1.07730497961407,1.1829838912235,1.27843688773231,1.45651020668034,175.799156949284,1.01858856374445,-4.26337375422826,0.0393612954098855,0.51339271835291,-5.23702238645252,-4.61922631612715,-4.2759568419647,-3.91916645469564,-3.19193106915125,170.12206407165,1.0068240549548,7.63600318974859,0.0684979004764016,0.943385785051819,5.65407901253091,7.02037374126817,7.65370470120835,8.24888288349076,9.44278991737667,189.681133248193,1.00438884771296,2.76560172361919,0.00167450896961752,0.0330926660718122,2.70182063145072,2.74303352201911,2.76573199503692,2.78741236739511,2.83213151107073,390.560715390167,1.00443605501691,TRUE,"",""
"16",2021-07-15,3.90033943913679,0.0214325107061739,0.240675004446342,3.45428669835141,3.73690970620986,3.89007348360751,4.05398808401008,4.38082320880892,126.10022989376,1.02838865704032,-9.2517239992461,0.0480433861430416,0.531530007397753,-10.3182142415561,-9.58693145857887,-9.23204995041243,-8.88997263591936,-8.24175314046753,122.401955590131,1.02852349309765,0.999999717564395,1.08934711740027e-07,2.10899608863226e-07,0.999999202286803,0.999999587345893,0.99999978853262,0.999999885844399,0.999999946858859,3.74816733527379,1.77546279198176,3.90033943913615,0.0214325107061708,0.240675004446303,3.45428669835084,3.73690970620925,3.89007348360687,4.05398808400941,4.3808232088082,126.100229893756,1.02838865704032,-9.2517239992461,0.0480433861430416,0.531530007397753,-10.3182142415561,-9.58693145857887,-9.23204995041242,-8.88997263591935,-8.24175314046752,122.401955590131,1.02852349309765,15.4673416568618,0.0772615540334333,0.89537581711868,13.7644965165673,14.8712756381399,15.4247882763156,16.0317839667318,17.2611682728686,134.302421289478,1.02598256854013,2.72127134670143,0.0016475900756315,0.0253349412392319,2.67235160634673,2.70382887757879,2.72177893667659,2.73859541790884,2.77101696375607,236.451170429197,1.0177861900975,TRUE,"",""
"17",2021-07-16,5.81204662390363,0.0328586477248,0.328631286182172,5.1729794719155,5.58557209439117,5.81057967161405,6.03908691808346,6.47166122257825,100.027275613906,1.05215645346211,-11.9234522667881,0.0663187667177789,0.644217413086478,-13.2199793989711,-12.3661973253511,-11.9166397835156,-11.4807160065533,-10.6936861759721,94.3608917250192,1.05401517765834,0.99999980477607,7.63103525693345e-08,1.46071641721744e-07,0.999999442177675,0.999999718218694,0.999999856495587,0.999999919612545,0.999999962779576,3.66407960609388,1.78888627732328,5.81204662390269,0.0328586477247943,0.328631286182119,5.17297947191466,5.58557209439026,5.8105796716131,6.03908691808248,6.4716612225772,100.027275613909,1.05215645346211,-11.9234522667881,0.0663187667177789,0.644217413086478,-13.2199793989711,-12.3661973253511,-11.9166397835156,-11.4807160065533,-10.6936861759721,94.3608917250192,1.05401517765834,19.4039312714458,0.105143483803273,1.04670128174373,17.4102107458683,18.6854648395699,19.3883441623199,20.1258382694949,21.4865590310119,99.1016274351009,1.05214827232791,2.7526197433343,0.00139739103346957,0.0282516881615687,2.69824217003703,2.73332918695694,2.75283266699307,2.77162278652687,2.80762365007238,408.745423741051,1.00586468150876,TRUE,"",""
"18",2021-07-17,5.3076958066093,0.031965567429344,0.274031182732506,4.81654417536952,5.12128091660992,5.28535127218429,5.48141527021406,5.89401126318664,73.4911653536145,1.07008268695276,-10.6139922112598,0.0629904592143731,0.530658770686442,-11.7508905615205,-10.9449890236751,-10.5756534399542,-10.245195976606,-9.67529943635556,70.9710359021269,1.07528512938913,0.999999813418381,7.24200950920255e-08,1.39680273045666e-07,0.999999478443523,0.999999731915222,0.999999858520639,0.999999924760946,0.999999963994168,3.72007734214452,1.77481165163187,5.30769580660844,0.0319655674293386,0.274031182732461,4.81654417536874,5.12128091660909,5.28535127218343,5.48141527021316,5.89401126318568,73.4911653536153,1.07008268695276,-10.6139922112598,0.062990459214373,0.530658770686442,-11.7508905615205,-10.9449890236751,-10.5756534399542,-10.245195976606,-9.67529943635555,70.9710359021271,1.07528512938913,16.8512603042631,0.0968572662488048,0.851165885961887,15.3275186310746,16.2600447403979,16.7827076838794,17.3822147239806,18.6629919200837,77.2260823870193,1.07061547083603,2.76231617948627,0.00159103700368941,0.0317350040770988,2.70123847902459,2.74085108203572,2.76244733031143,2.78356121955246,2.82555279328889,397.847429182644,1.0046187588032,TRUE,"",""
"19",2021-07-18,6.16443332632451,0.0366582948971204,0.335004398867397,5.53176200811606,5.9255080805013,6.16891851546033,6.39274084707691,6.81944148300881,83.5134640727015,1.03445331066267,-11.7499046624948,0.0701327853458238,0.627688471621118,-12.9599624595531,-12.1837101750818,-11.7612304107537,-11.3039399506409,-10.5618237814571,80.1025109177231,1.03604494092934,0.999999774384539,8.6605107470052e-08,1.67934737757226e-07,0.999999364979638,0.999999676005255,0.99999982960047,0.999999908309003,0.999999957635263,3.76005390341325,1.77275168900668,6.1644333263235,0.0366582948971144,0.335004398867342,5.53176200811516,5.92550808050033,6.16891851545933,6.39274084707587,6.8194414830077,83.5134640727016,1.03445331066266,-11.7499046624948,0.0701327853458238,0.627688471621118,-12.9599624595531,-12.1837101750818,-11.7612304107537,-11.3039399506409,-10.5618237814571,80.1025109177231,1.03604494092934,19.1723360124275,0.111214269172937,1.00629556130598,17.280586482579,18.4500620223462,19.1878419952166,19.8844966721438,21.1174530616084,81.8709989585151,1.03404375375401,2.77092770403433,0.00182448269013257,0.0354444218581877,2.70245637843993,2.74683395954107,2.77120872906023,2.79430825620258,2.84264393242267,377.412516573028,1.00431800985186,TRUE,"",""
"20",2021-07-19,5.47385436746312,0.0330708300007634,0.330128386517581,4.85782697756444,5.23905254835322,5.47576280131909,5.70481219734518,6.10719545001566,99.6495975235982,1.05719080946541,-11.7739301759282,0.0647433880404364,0.683897827064021,-13.074753158457,-12.2568340424723,-11.7811117347403,-11.2642664449571,-10.4951182624688,111.581347773786,1.05416867596454,0.999999796761682,7.75406561767583e-08,1.49983542554091e-07,0.999999427612698,0.99999970241738,0.99999984540515,0.999999916596955,0.999999962274375,3.74134942161567,1.78882196567149,5.47385436746223,0.0330708300007591,0.330128386517527,4.85782697756365,5.23905254835237,5.4757628013182,5.70481219734425,6.10719545001467,99.6495975235917,1.05719080946541,-11.7739301759282,0.0647433880404364,0.683897827064021,-13.074753158457,-12.2568340424723,-11.7811117347403,-11.2642664449571,-10.4951182624688,111.581347773786,1.05416867596454,18.3373381787408,0.0938920667850142,1.06402506837538,16.3484517201329,17.5594504390216,18.3503922150487,19.0956484267357,20.3616737684751,128.423919972911,1.04680142589994,2.75962355795582,0.00152870440514654,0.0306834757352141,2.70007235939497,2.73884072040991,2.759528794185,2.78014144581401,2.82034311278502,402.867351329436,1.00484767112096,TRUE,"",""
"21",2021-07-20,5.22807502975711,0.0239175499858427,0.297881819245386,4.67366460346829,5.01746548260429,5.22669557285338,5.43009981870544,5.8205956335681,155.115291922146,1.02450955064732,-11.8325138429696,0.0521058274748279,0.64553032906673,-13.1336923428208,-12.2593252109523,-11.8266778639231,-11.3832134682539,-10.6201443752022,153.483151790549,1.02428524648746,0.999999798090112,7.69318570030606e-08,1.49996780300493e-07,0.999999431097921,0.99999970566967,0.999999849619473,0.999999917864006,0.999999960949884,3.80146890623335,1.77396581369594,5.22807502975626,0.0239175499858389,0.297881819245337,4.67366460346753,5.01746548260347,5.22669557285253,5.43009981870455,5.82059563356715,155.115291922145,1.02450955064732,-11.8325138429696,0.0521058274748279,0.64553032906673,-13.1336923428208,-12.2593252109523,-11.8266778639232,-11.3832134682539,-10.6201443752022,153.483151790549,1.02428524648746,16.727164709842,0.0723327091043204,0.918479774410445,14.9625237253655,16.0950049424656,16.7386683309937,17.3417929467198,18.5766986948017,161.238864909316,1.0236639519076,2.75872030578459,0.00150912867167079,0.0303441741780731,2.6999843519396,2.7381520954455,2.75873523256283,2.77907346040142,2.81858589349062,404.294752636631,1.0049426498825,TRUE,"",""
"22",2021-07-21,6.75903923305721,0.0302357806038837,0.353986145750978,6.08670399253864,6.50816031396184,6.74559164710668,6.99229240035254,7.48613505736066,137.06613267067,1.01378120256377,-14.4799820896818,0.0650181668104044,0.747771153344623,-16.0285316678969,-14.974193227725,-14.4633656401477,-13.9546921310896,-13.060071494215,132.272016387351,1.01485466490263,0.999999802968486,7.65073603903509e-08,1.47946799358395e-07,0.999999435620974,0.999999713079946,0.99999985289196,0.999999919365488,0.999999963285072,3.73942400339951,1.76742824754187,6.75903923305611,0.0302357806038796,0.35398614575092,6.08670399253764,6.50816031396078,6.74559164710559,6.9922924003514,7.48613505735944,137.066132670663,1.01378120256377,-14.4799820896818,0.0650181668104044,0.747771153344622,-16.0285316678969,-14.974193227725,-14.4633656401477,-13.9546921310896,-13.0600714942151,132.272016387351,1.01485466490263,21.1514034941252,0.093152788421651,1.08369911454301,19.0964272826804,20.4009409509243,21.1290286570757,21.8717585696155,23.4088207449241,135.339858464748,1.01409518943675,2.76834512196673,0.00174969972348047,0.034282503731831,2.70219041532341,2.74491086296221,2.76854224432539,2.79097382809478,2.8372790286354,383.899916397028,1.00435135777639,TRUE,"",""
"23",2021-07-22,5.88460756153573,0.0254142327704936,0.26756262438334,5.38632471220666,5.69367933674639,5.874481506836,6.066883483059,6.40217867985373,110.840094524124,1.03748375366834,-11.1342713703335,0.0486393898617695,0.497345605339685,-12.0797523466033,-11.4893106174592,-11.1191274636521,-10.7831547528092,-10.2093213565981,104.553922967525,1.04159909444449,0.999999857617712,5.4994021444158e-08,1.05100953554735e-07,0.999999600777722,0.999999792764383,0.999999892595086,0.999999941717626,0.999999973314392,3.65243381762457,1.81689859785649,5.88460756153477,0.0254142327704895,0.267562624383296,5.38632471220578,5.69367933674547,5.87448150683504,6.06688348305801,6.40217867985269,110.840094524124,1.03748375366834,-11.1342713703335,0.0486393898617695,0.497345605339685,-12.0797523466033,-11.4893106174592,-11.1191274636522,-10.7831547528092,-10.2093213565981,104.553922967525,1.04159909444449,16.1995927569093,0.0726986644195431,0.744796983365732,14.8160558761565,15.6679105371494,16.1637834068914,16.7256312409551,17.62947204512,104.959790047812,1.0410529267771,2.77717511774754,0.00201911122209561,0.0383999131645214,2.7028777696817,2.75114588689187,2.77715085584851,2.80237661848704,2.85589297072572,361.692913095822,1.00437772245541,TRUE,"",""
"24",2021-07-23,3.63815379780996,0.0158149586776262,0.213822096853183,3.22840474716311,3.49848653738374,3.64187635389118,3.77850811724489,4.05571377290474,182.796992145993,1.013328322003,-10.0528006954098,0.0458187920654259,0.597254669827754,-11.2259386432651,-10.4512506948672,-10.0753519062055,-9.66221386060486,-8.89108292976754,169.915045870701,1.01367063976949,0.999999602916624,1.53805565619467e-07,2.95906764959431e-07,0.999998880482535,0.999999422517225,0.999999702231151,0.999999839603473,0.999999926187692,3.70139714571056,1.78580832156696,3.63815379780937,0.0158149586776237,0.213822096853149,3.22840474716258,3.49848653738317,3.64187635389059,3.77850811724427,4.05571377290407,182.796992145993,1.013328322003,-10.0528006954098,0.0458187920654259,0.597254669827754,-11.2259386432651,-10.4512506948672,-10.0753519062055,-9.66221386060487,-8.89108292976755,169.915045870701,1.01367063976949,13.7179354471978,0.0630754334657499,0.840172754550928,12.0768957100679,13.1717306370781,13.7366587939915,14.2660719534234,15.4024931140704,177.425770712931,1.01308824861164,2.643975082461,0.0021243317338161,0.0298337404237046,2.5868547309812,2.62364011225906,2.64393949665147,2.66428017234426,2.7037495257487,197.228985090816,1.01238420038922,TRUE,"",""
"25",2021-07-24,1.30972066542825,0.00900649899330992,0.147397882520414,1.02114207961882,1.20953537695426,1.30428895351972,1.40982133603853,1.59204735302445,267.836943084853,1.01467531924519,-7.07589765022857,0.0430261960186629,0.646488253588226,-8.34051273602387,-7.5053503058401,-7.04733295786806,-6.65138538794588,-5.79864509054779,225.764354871365,1.01829358132586,0.999998662166161,5.12121093893482e-07,9.91069773109494e-07,0.999996245881186,0.999998028765824,0.999998987461675,0.999999455328972,0.999999751261838,3.74509753269156,1.77750898724922,1.30972066542803,0.00900649899330849,0.14739788252039,1.02114207961865,1.20953537695406,1.30428895351951,1.4098213360383,1.5920473530242,267.836943084851,1.01467531924519,-7.07589765022857,0.043026196018663,0.646488253588226,-8.34051273602389,-7.50535030584009,-7.04733295786807,-6.65138538794587,-5.79864509054778,225.764354871365,1.01829358132586,12.0655669522362,0.0675706801198766,1.04654008097311,10.0119561423335,11.3566157504834,12.0464973374476,12.7646422960868,14.1372735434502,239.880613661469,1.01761431640727,2.42117417856108,0.00254209148340676,0.0416150749184647,2.33860609607077,2.39385627526257,2.42149406611304,2.44946831978488,2.50161971764514,267.990260169988,1.01285491832086,TRUE,"",""
"26",2021-07-25,2.61717910134847,0.0139801677030664,0.191794353469007,2.25406188050006,2.48492862105453,2.61748139824822,2.74344893354493,2.99756986555669,188.211810333549,1.01107173650268,-8.12917618379097,0.0417307848847377,0.53656411176535,-9.18513447504111,-8.48310284494745,-8.13102525788759,-7.77030947011408,-7.11577175097562,165.321804334444,1.0134443072101,0.999999507729104,1.89213926035531e-07,3.64677473992944e-07,0.999998652079463,0.999999290189638,0.999999626134192,0.999999799881146,0.999999906670242,3.71459681227416,1.79752021053145,2.61717910134804,0.0139801677030642,0.191794353468976,2.25406188049969,2.48492862105413,2.61748139824779,2.74344893354449,2.99756986555621,188.211810333547,1.01107173650268,-8.12917618379097,0.0417307848847377,0.53656411176535,-9.18513447504111,-8.48310284494745,-8.13102525788758,-7.77030947011407,-7.11577175097561,165.321804334444,1.0134443072101,13.9451290554667,0.0711436494107224,0.929954865402533,12.1851011444651,13.3153569453641,13.9671731178564,14.547447818469,15.8050451246871,170.864351886958,1.01379093076056,2.55537322230973,0.00183747882839886,0.0305415759827682,2.4965877187023,2.53468546654401,2.55541298470526,2.57551626968026,2.61648093682783,276.272844528482,1.00391352492977,TRUE,"",""
"27",2021-07-26,3.32280154903611,0.0285930770170054,0.276650445702757,2.78351528414151,3.14203702208992,3.31224637316162,3.50976218863964,3.88150864382556,93.6140340302026,1.03612398486411,-10.0337700836558,0.0824097376775712,0.780614675909836,-11.6460318303286,-10.5552048872228,-10.0110935574356,-9.49798359541771,-8.52574839636987,89.7255977908378,1.03669036075571,0.999999466191659,2.06976571860577e-07,3.98489828143637e-07,0.999998473653769,0.999999233323814,0.999999601237119,0.999999781992521,0.999999896665525,3.70673980009734,1.78078761720246,3.32280154903557,0.0285930770170004,0.276650445702712,2.78351528414105,3.14203702208941,3.31224637316108,3.50976218863907,3.88150864382493,93.6140340302049,1.03612398486411,-10.0337700836558,0.0824097376775713,0.780614675909836,-11.6460318303286,-10.5552048872228,-10.0110935574356,-9.49798359541773,-8.52574839636986,89.7255977908378,1.03669036075571,18.1752290700835,0.146099070466235,1.39920607132287,15.498421119347,17.2281343552421,18.1205302543522,19.1039509337524,21.0546210840094,91.7209314056058,1.03487261292798,2.71148674927379,0.00210542258556828,0.0274861886418982,2.65831701199164,2.69287600386886,2.71166554424726,2.73050902754971,2.7651879264337,170.431745029678,1.02066776237421,TRUE,"",""
"28",2021-07-27,3.82564262790598,0.0233119172952591,0.262617125606222,3.28675746385645,3.65753873323748,3.82860833307943,3.9993711536911,4.33645931395409,126.908321417668,1.04086610421328,-10.042066239073,0.0586165061387124,0.665490095238636,-11.3326405568559,-10.4907611391312,-10.0376693262972,-9.61764899128095,-8.65614665402545,128.897155961686,1.0397012670834,0.999999528571689,1.81716116871147e-07,3.51434883444275e-07,0.999998666890721,0.999999316189249,0.999999650113259,0.999999806360018,0.999999910155935,3.74026901367592,1.77250592252822,3.82564262790536,0.0233119172952573,0.262617125606179,3.28675746385592,3.65753873323688,3.82860833307881,3.99937115369045,4.33645931395339,126.908321417646,1.04086610421328,-10.042066239073,0.0586165061387124,0.665490095238636,-11.3326405568559,-10.4907611391312,-10.0376693262972,-9.61764899128096,-8.65614665402547,128.897155961685,1.0397012670834,17.8021315158835,0.100077821247042,1.18057985126522,15.3891152979061,17.0541584214192,17.8019815391338,18.5812284068022,20.0903236784001,139.160201834977,1.03717088627577,2.73107518644987,0.00137335849124583,0.0246069626303609,2.68336274075765,2.7140459711717,2.73120965717202,2.74758069397422,2.77921076679332,321.031897228033,1.01355292242168,TRUE,"",""
"29",2021-07-28,0.32349348616515,0.014922945777805,0.197870291836398,0.0356869208675149,0.17325367472802,0.29751830331702,0.447408938542261,0.771545911973962,175.813438028942,1.03559223812906,-1.85163295117697,0.0745046268499305,0.846369190728172,-3.78229743134273,-2.33990267369367,-1.76020206163958,-1.23347559276498,-0.554555655153388,129.048572241426,1.0482055489828,0.999997176453602,1.07842688165219e-06,2.08909350947583e-06,0.999992122463569,0.999995923022181,0.999997840775401,0.999998847356432,0.99999947153114,3.75261793459873,1.7797086938429,0.323493486165098,0.0149229457778025,0.197870291836366,0.035686920867509,0.173253674727992,0.297518303316972,0.447408938542189,0.771545911973836,175.813438028944,1.03559223812906,-1.85163295117697,0.0745046268499305,0.846369190728172,-3.78229743134273,-2.33990267369367,-1.76020206163958,-1.23347559276498,-0.554555655153388,129.048572241426,1.0482055489828,3.1893074619996,0.109211004995702,1.24561160155842,1.17351769100454,2.30575479333341,3.06714354207398,3.92326258352542,6.00082649188673,130.086575717189,1.0484505541945,2.09718009447724,0.00567023895271244,0.0854791008977624,1.92721017836461,2.04011720272211,2.10066554805899,2.1532338177313,2.26435613247554,227.256947322125,1.02997832257471,TRUE,"",""
"30",2021-07-29,0.490596636322897,0.0137066674694545,0.12737043923802,0.237369258493197,0.404444009566807,0.488637199661561,0.578446776355666,0.747444130415246,86.3522264376656,1.03080470846654,-5.04997865657228,0.09645098498389,0.703268249324211,-6.43100424896923,-5.51738517970483,-5.04477372526006,-4.5956927161952,-3.6472943613667,53.1653511862811,1.06980630888978,0.9999963048101,1.41358491235928e-06,2.73227388000451e-06,0.999989447078059,0.999994650447121,0.999997193598819,0.999998499206058,0.999999297556976,3.73598099607364,1.77827654632514,0.490596636322817,0.0137066674694523,0.127370439237999,0.237369258493158,0.404444009566741,0.488637199661481,0.578446776355572,0.747444130415125,86.3522264376651,1.03080470846654,-5.04997865657228,0.09645098498389,0.703268249324211,-6.43100424896923,-5.51738517970484,-5.04477372526007,-4.59569271619521,-3.64729436136671,53.1653511862811,1.06980630888978,9.10244913048647,0.17157023853026,1.2813605044483,6.52278095184484,8.25820622307061,9.10072462084367,9.9613505955219,11.609531556695,55.7774630235781,1.06774829783745,2.19272795620759,0.00468037695248345,0.07159999012993,2.04923573526386,2.14521801260959,2.19551933859908,2.23965608203293,2.33305281632876,234.026081384821,1.02701957172603,TRUE,"",""
"31",2021-07-30,1.77292777437557,0.0167131025095595,0.206946549172768,1.37206094389669,1.63523450172006,1.77455086335749,1.9069947857605,2.19824607375107,153.32120506882,1.03004742065589,-7.7652642325857,0.0623701780756364,0.7458047590751,-9.28245491947027,-8.26032904433589,-7.78189349390677,-7.26308917357962,-6.33617003600686,142.986926988358,1.02502059914839,0.999998910579708,4.13952617886411e-07,8.06333756233347e-07,0.999996948997194,0.999998411063625,0.999999182753888,0.999999556910078,0.999999794122311,3.79427160649386,1.77897885403728,1.77292777437528,0.0167131025095572,0.206946549172734,1.37206094389646,1.63523450171979,1.7745508633572,1.90699478576019,2.19824607375072,153.321205068813,1.03004742065589,-7.7652642325857,0.0623701780756364,0.7458047590751,-9.28245491947028,-8.26032904433588,-7.78189349390677,-7.26308917357962,-6.33617003600686,142.986926988358,1.02502059914839,14.3514511122485,0.110704904737349,1.35512540486422,11.7305383620591,13.4228674726286,14.3743525153878,15.2342104121683,17.0555103742932,149.839132241667,1.02169384532427,2.45920400183617,0.00226442956540721,0.0376239917669959,2.38443610015656,2.43428603122452,2.45914854897889,2.48458432381473,2.53266345778724,276.065482279208,1.00940367561689,TRUE,"",""
"32",2021-07-31,1.65869046432072,0.0191212568459238,0.190396305596167,1.27993482283604,1.53546887748208,1.64855003441508,1.7869688279913,2.03923704221875,99.1480470066293,1.02456004478859,-7.49605592085995,0.0799384351530639,0.691428394442929,-8.91064275037674,-7.95426125307743,-7.47932787374535,-7.02660952735272,-6.17699179270287,74.8140449242765,1.02839917469579,0.999998990461907,3.90695514459802e-07,7.52086078310149e-07,0.999997137048366,0.999998551919803,0.999999234776892,0.999999591213122,0.999999809067442,3.70559753609049,1.77686675560725,1.65869046432045,0.0191212568459207,0.190396305596136,1.27993482283583,1.53546887748183,1.64855003441482,1.78696882799101,2.03923704221841,99.1480470066292,1.02456004478859,-7.49605592085995,0.079938435153064,0.691428394442929,-8.91064275037673,-7.95426125307743,-7.47932787374534,-7.02660952735272,-6.17699179270288,74.8140449242764,1.02839917469579,14.3122673918796,0.146274174769642,1.2977471015562,11.8672709504055,13.4382378844169,14.2760185075784,15.1767161255368,16.9458519886335,78.7127021871167,1.02608967110226,2.60080698236042,0.00190932923937401,0.0293718709954197,2.54421067388655,2.58080510349616,2.60091499711082,2.62057221970877,2.66033681259906,236.647312856599,1.00633164540197,TRUE,"",""
"33",2021-08-01,2.51480029867445,0.0174980194369688,0.213119636847274,2.12079501574631,2.36564689827833,2.51520354907802,2.65229234054807,2.95682917880189,148.343713210177,1.04873350840803,-8.35013850153349,0.0511498095553978,0.615199999749188,-9.65123390074258,-8.74262316759963,-8.33808450802563,-7.91817775571305,-7.197219574973,144.658717721968,1.05132674782918,0.99999945932838,2.08882341573936e-07,4.03258230641665e-07,0.999998454440451,0.999999219026273,0.999999597736693,0.99999977964339,0.99999989854546,3.72703117907657,1.78234287929346,2.51480029867404,0.0174980194369659,0.213119636847239,2.12079501574597,2.36564689827795,2.51520354907761,2.65229234054764,2.9568291788014,148.343713210177,1.04873350840803,-8.35013850153349,0.0511498095553979,0.615199999749188,-9.6512339007426,-8.74262316759963,-8.33808450802564,-7.91817775571305,-7.197219574973,144.658717721968,1.05132674782918,15.7852688663179,0.0916310014012217,1.14315548535264,13.6801366439848,14.9842814900918,15.7592153939286,16.5357776119128,18.1536960412807,155.64162037605,1.04899735754906,2.70655115766857,0.00228023897803575,0.0290194403038232,2.64976967509846,2.68699936712115,2.70693318935798,2.72661404272967,2.76345810702383,161.963567279347,1.02149732509277,TRUE,"",""
"34",2021-08-02,2.36907990448882,0.021571129985887,0.209674301552007,1.97638693820642,2.22283815947954,2.36088550199467,2.50853102228784,2.79761866762846,94.4810298134851,1.05174819728863,-8.15412478734938,0.0669251763725279,0.634054188174454,-9.42945246788692,-8.58612856077471,-8.12921161382607,-7.71494716693788,-6.92913445076515,89.7581106482855,1.05663199259343,0.999999399802924,2.29975337325085e-07,4.42793861448597e-07,0.999998313113876,0.999999118317222,0.999999550864202,0.999999752887206,0.999999886588979,3.70715422529056,1.79602572082252,2.36907990448844,0.0215711299858835,0.209674301551973,1.9763869382061,2.22283815947918,2.36088550199429,2.50853102228743,2.79761866762801,94.4810298134848,1.05174819728863,-8.15412478734938,0.0669251763725279,0.634054188174454,-9.4294524678869,-8.58612856077473,-8.12921161382608,-7.71494716693789,-6.92913445076515,89.7581106482855,1.05663199259343,15.2058672375232,0.120919005516281,1.17741022078667,12.8544402110931,14.4014851440446,15.17654699616,15.9977828231454,17.5779281286664,94.8126902408592,1.05376754034127,2.7314719287454,0.00136828923026012,0.0246102516804664,2.68366931378474,2.71441967999522,2.73166059577275,2.74805092377261,2.77961522166423,323.501495643848,1.01336983544286,TRUE,"",""
"35",2021-08-03,3.1167988464702,0.0357023132594692,0.257050496200299,2.62071711801604,2.93767535273192,3.11347496764257,3.29643624975292,3.60261734840178,51.8375157801616,1.07867140029034,-9.81336618340622,0.0871868073498137,0.753779960538767,-11.258400169523,-10.3421827019707,-9.79989746464608,-9.3005270194512,-8.38038989623628,74.7459430013185,1.07761112163288,0.999999504497662,1.93618173861744e-07,3.73285030003635e-07,0.999998573378859,0.999999284140072,0.999999633650431,0.999999800698782,0.999999906016099,3.71696873261117,1.78112877616694,3.11679884646969,0.035702313259459,0.257050496200258,2.62071711801561,2.93767535273145,3.11347496764206,3.29643624975239,3.60261734840119,51.8375157801743,1.07867140029034,-9.81336618340622,0.0871868073498136,0.753779960538767,-11.258400169523,-10.3421827019707,-9.79989746464606,-9.30052701945121,-8.38038989623629,74.7459430013187,1.07761112163288,17.4508054587823,0.129901318648965,1.34071639291572,14.8543831472913,16.562947163353,17.4177592206925,18.3509225530352,20.0679630587435,106.5238169579,1.07162935381305,2.74375981700528,0.0013114763968431,0.0259533837671718,2.69368140753059,2.72563064191417,2.74418194863577,2.7612453336067,2.7934444920476,391.62194458021,1.00823598934551,TRUE,"",""
"36",2021-08-04,3.05820335223744,0.021057211626762,0.208448204047128,2.6586899207817,2.91064770802025,3.05426497616972,3.20558076442422,3.45968192240028,97.9928957776503,1.06043546726002,-8.84393885730967,0.0590751559818551,0.569468962852242,-9.95786530460176,-9.24459562790284,-8.82979843911775,-8.44233920332693,-7.74060182489536,92.9245281084697,1.06702244291135,0.999999635063779,1.39848885484677e-07,2.69114632113381e-07,0.999998986921219,0.999999469920572,0.999999721802429,0.999999851385368,0.999999929375346,3.70302465684144,1.8051181502616,3.05820335223694,0.021057211626759,0.208448204047094,2.65868992078127,2.91064770801978,3.05426497616922,3.2055807644237,3.45968192239972,97.9928957776463,1.06043546726002,-8.84393885730967,0.059075155981855,0.569468962852242,-9.95786530460174,-9.24459562790283,-8.82979843911776,-8.44233920332692,-7.74060182489535,92.92452810847,1.06702244291135,14.7503584303714,0.0973102266022421,0.969059783841022,12.8801516464837,14.0835619643388,14.7215806793621,15.4204069768153,16.6312715402056,99.1708814912016,1.06436240995921,2.76562950175462,0.00167524644822442,0.033104468245758,2.70184026847614,2.74304681188081,2.7657653933483,2.78743884396855,2.83216912245592,390.495308740162,1.00443491025754,TRUE,"",""
"37",2021-08-05,3.65987543265982,0.0259049688226991,0.219438862422074,3.24435856916173,3.50102138201914,3.66039555484092,3.81149685053676,4.09678359660344,71.7564489717379,1.07670541531417,-9.2433781337686,0.0688239635067002,0.540496547203995,-10.3344782745343,-9.62264034203546,-9.2356001890256,-8.84679652125821,-8.23928860249976,61.6746208999177,1.08879438101737,0.999999694301424,1.15516227173754e-07,2.24852180674162e-07,0.999999152901052,0.999999553534044,0.999999770308297,0.999999873988713,0.999999940632267,3.78885700885413,1.780341836847,3.65987543265922,0.0259049688226949,0.219438862422039,3.2443585691612,3.50102138201857,3.66039555484032,3.81149685053614,4.09678359660278,71.7564489717377,1.07670541531417,-9.2433781337686,0.0688239635067002,0.540496547203995,-10.3344782745343,-9.62264034203545,-9.2356001890256,-8.84679652125821,-8.23928860249976,61.6746208999177,1.08879438101737,15.046364641636,0.111611473875157,0.888320963853635,13.3995523190928,14.3932074161876,15.0443128635083,15.6713893262875,16.8162752222981,63.3464287976459,1.08479577429094,2.78186287486919,0.00217482931918358,0.0407308389840478,2.70313268831247,2.75443010887669,2.78190215913731,2.80823175867811,2.86572201985745,350.748928887903,1.00451336679064,TRUE,"",""
"38",2021-08-06,1.93253497845585,0.0162474249098314,0.197899089076925,1.56460528960295,1.7909604233141,1.92530263197605,2.06957811334024,2.31146520918333,148.360576887026,1.0476234441203,-6.75994748837375,0.0599274514035936,0.663629559372078,-8.03990427185241,-7.22117341852533,-6.74903322470291,-6.27683879833763,-5.54281571679985,122.630875103672,1.06036342773099,0.999999018751777,3.81269632237212e-07,7.30395058011788e-07,0.999997257584549,0.999998582627651,0.999999259545444,0.999999601857366,0.999999818761285,3.6698745695934,1.79845943843112,1.93253497845553,0.016247424909829,0.197899089076893,1.56460528960269,1.79096042331381,1.92530263197573,2.0695781133399,2.31146520918295,148.360576887023,1.0476234441203,-6.75994748837375,0.0599274514035936,0.663629559372078,-8.0399042718524,-7.22117341852533,-6.74903322470291,-6.27683879833764,-5.54281571679985,122.630875103672,1.06036342773099,11.3626488791365,0.0957873553202328,1.0719812384906,9.35699684172658,10.5913843914823,11.3396688392853,12.1040079717448,13.4608393303691,125.244309825365,1.05878572663824,2.55674066063787,0.00183537100128176,0.0304827614640315,2.49796228323871,2.53615203704099,2.55686502507106,2.57678428025924,2.61768393338494,275.842311871473,1.00392317092966,TRUE,"",""
"39",2021-08-07,1.58138609675939,0.0122095098192846,0.144521305687054,1.30999205965739,1.48441997092137,1.57804396335285,1.67383918434137,1.87782214976643,140.109407396802,1.04261548043554,-5.67258973229723,0.0615533287763955,0.541300286481452,-6.77439553490204,-6.02952920722885,-5.67625108273106,-5.29142960977429,-4.67985830475789,77.3345254987688,1.06681924093794,0.99999883683612,4.40939855518811e-07,8.64797132238973e-07,0.999996750464353,0.999998319447531,0.999999122738008,0.999999521620844,0.999999778151724,3.84653572769821,1.75063713543901,1.58138609675913,0.0122095098192823,0.14452130568703,1.30999205965718,1.48441997092113,1.5780439633526,1.6738391843411,1.87782214976613,140.109407396809,1.04261548043554,-5.67258973229723,0.0615533287763955,0.541300286481452,-6.77439553490205,-6.02952920722884,-5.67625108273107,-5.29142960977429,-4.67985830475789,77.3345254987688,1.06681924093794,9.65256236381128,0.111113696928631,0.989145537886731,7.74801054165601,8.96453571634469,9.65349405390336,10.3088104852167,11.6300261677492,79.247431912738,1.06661338142409,2.45980168729783,0.00226045485582642,0.0375654294931232,2.38521063642682,2.43490338816529,2.45972633809867,2.48514206591869,2.53317957444471,276.175431405227,1.00934993991639,TRUE,"",""
"40",2021-08-08,2.95487293523081,0.0211814797291229,0.234461905384791,2.52364806020551,2.78942215825837,2.94462456586579,3.11572314775117,3.42130348467932,122.527052732701,1.05306636020201,-10.6053609559058,0.0773347388172448,0.821803425467709,-12.2176555666617,-11.1809802187208,-10.574129896232,-10.0148696246319,-9.07511592986901,112.924102639665,1.06061906760009,0.999999356438271,2.48535167098536e-07,4.77480058668004e-07,0.999998172294751,0.999999071494427,0.999999515482758,0.999999737174822,0.999999878789388,3.69092125003181,1.79373543615285,2.95487293523033,0.0211814797291195,0.234461905384753,2.5236480602051,2.78942215825792,2.94462456586531,3.11572314775066,3.42130348467876,122.527052732701,1.05306636020201,-10.6053609559058,0.0773347388172448,0.821803425467709,-12.2176555666617,-11.1809802187208,-10.574129896232,-10.0148696246319,-9.075115929869,112.924102639665,1.06061906760009,16.5531567839118,0.122094960196201,1.30535012268814,14.1318107666638,15.6075896067126,16.494839077064,17.456458925347,19.1527419915781,114.30324328324,1.06107713603484,2.48892147360318,0.0020832755851262,0.0348981766612226,2.42024048336571,2.46578352128378,2.48863524189862,2.51228582387132,2.55721909183589,280.615738615583,1.0068604240952,TRUE,"",""
"41",2021-08-09,0.0913900052254729,0.00392122045542496,0.0782373782182558,0.00240203850887131,0.0315361818098898,0.0716796238733239,0.129780013191454,0.290018423808639,398.094390544625,1.01218196246674,-0.998137770596869,0.0305104282930349,0.50131973022084,-2.10529007361391,-1.30557623915392,-0.942925288387681,-0.628617407472637,-0.221992435868084,269.980866147508,1.01637034342016,0.999997876547164,8.0695263242257e-07,1.56467575832473e-06,0.999994064656226,0.999996928987669,0.999998399442508,0.999999134237101,0.999999594863144,3.75969506857775,1.78509692778166,0.091390005225458,0.00392122045542433,0.078237378218243,0.00240203850887092,0.0315361818098846,0.0716796238733123,0.129780013191433,0.290018423808592,398.094390544625,1.01218196246674,-0.998137770596869,0.0305104282930349,0.50131973022084,-2.10529007361392,-1.30557623915392,-0.942925288387682,-0.628617407472636,-0.221992435868084,269.980866147508,1.01637034342016,1.41117376761567,0.0405987176292999,0.677157858619357,0.331395038222927,0.912344323765427,1.35333626096661,1.83817563641482,2.9161832703255,278.198775421561,1.01435201526632,1.93133967808246,0.00743314820190211,0.110250857638831,1.71455702229128,1.85779384161186,1.93610330866935,2.00421024093666,2.14813847001253,219.997815957948,1.03319261022434,TRUE,"",""
"42",2021-08-10,0.0849545244436493,0.00346806358039047,0.0641358655490235,0.00151255176762038,0.0337815843918905,0.0729251798040505,0.121668918807368,0.237410439437686,342.001348624395,1.01133427745808,-3.17547331164532,0.0554132198052784,0.721617891276086,-4.65421739400786,-3.62783178249365,-3.15116824671458,-2.68801848392828,-1.75834021911095,169.585147329417,1.0182013071899,0.999988417467636,4.47583110530665e-06,8.69738217736419e-06,0.999967343037005,0.999983219720449,0.999991300324237,0.999995325818355,0.999997797554634,3.77598037049426,1.76756707459092,0.0849545244436354,0.00346806358038991,0.0641358655490131,0.00151255176762014,0.033781584391885,0.0729251798040386,0.121668918807348,0.237410439437647,342.001348624394,1.01133427745808,-3.17547331164532,0.0554132198052784,0.721617891276086,-4.65421739400786,-3.62783178249365,-3.15116824671458,-2.68801848392828,-1.75834021911095,169.585147329417,1.0182013071899,5.06011184434717,0.0848728485459865,1.10251731466606,2.88033897908854,4.32651216845709,5.03103035847304,5.75806137348387,7.31832315271806,168.745919734136,1.0191486484549,1.94552514770897,0.00728087207887034,0.108109604586502,1.73339461577912,1.87332642312935,1.95021832078782,2.01663812328354,2.15828565929422,220.476220911112,1.0329812212685,TRUE,"",""
"43",2021-08-11,0.639715990121318,0.00749895749440636,0.13086832898098,0.384745936260763,0.550087606913297,0.639840352997531,0.728865444871235,0.892459341109599,304.556119487096,1.01208701466445,-6.20478676847812,0.0571415236962391,0.850475774149456,-7.89614257646333,-6.78884546238205,-6.18759327028294,-5.61150463801309,-4.61522213679565,221.523732771531,1.01975572386826,0.999995599703377,1.70554971941866e-06,3.2836058983558e-06,0.999987506789729,0.999993675932442,0.999996690415042,0.999998218470128,0.999999157898705,3.70657921163343,1.77896586822345,0.639715990121214,0.00749895749440515,0.130868328980959,0.384745936260701,0.550087606913207,0.639840352997427,0.728865444871116,0.892459341109453,304.556119487096,1.01208701466445,-6.20478676847812,0.0571415236962391,0.850475774149456,-7.89614257646332,-6.78884546238205,-6.18759327028294,-5.6115046380131,-4.61522213679567,221.523732771531,1.01975572386826,10.3037010858826,0.0937119875276414,1.4194028832767,7.61073788241983,9.31901704836871,10.2790008695913,11.2652178912517,13.1231831893799,229.414608116205,1.01966436100561,2.05392294831275,0.00612579188447646,0.0918756458256491,1.87138599922839,1.99249481426226,2.05799119337547,2.11462736593891,2.23370002119334,224.944994434166,1.03100110497233,TRUE,"",""
"44",2021-08-12,0.50324381889803,0.00781019529798727,0.119858833049745,0.273032379538018,0.419822316852202,0.502833125133278,0.585878533402013,0.74067896113684,235.513768969849,1.0212445005375,-5.29044497495314,0.0588897318511023,0.748189973945576,-6.82648424259197,-5.77939514611691,-5.26285699898199,-4.74698603497761,-3.86817983069464,161.415269198711,1.02665050014054,0.999992767613268,2.76605638878843e-06,5.31722151928518e-06,0.99997978632211,0.999989497198883,0.999994523082193,0.999997055959318,0.9999986254288,3.69528082678816,1.81060915375917,0.503243818897948,0.0078101952979859,0.119858833049726,0.273032379537973,0.419822316852133,0.502833125133196,0.585878533401918,0.740678961136719,235.513768969855,1.0212445005375,-5.29044497495314,0.0588897318511023,0.748189973945576,-6.82648424259197,-5.77939514611691,-5.26285699898199,-4.74698603497761,-3.86817983069465,161.415269198711,1.02665050014054,9.79443751176203,0.100222353408469,1.3489442519284,7.22659717915515,8.85409050902052,9.74254337027625,10.6817920746973,12.5640499476288,181.158539440085,1.02358586248565,2.23845565142239,0.00421809845118453,0.0651294322793499,2.10750504069756,2.19546243185411,2.24097297624019,2.28152181072928,2.36621839995303,238.408184738439,1.02513968680487,TRUE,"",""
"45",2021-08-13,0.953665093546458,0.0160716304813183,0.16873406018644,0.620960476004749,0.839168339616346,0.957672716894869,1.06520198379125,1.29061530896846,110.226403332456,1.00967592414913,-6.46212857853698,0.0922377052826437,0.883136124195283,-8.19066308914127,-7.0568447709099,-6.44994887344804,-5.85033072810035,-4.73050095770062,91.6723405120901,1.01445293443522,0.999997039875732,1.147292739827e-06,2.21085360514713e-06,0.99999149639184,0.999995759845307,0.999997794461432,0.999998781243566,0.99999943214669,3.71339784905858,1.76574410548029,0.953665093546303,0.0160716304813157,0.168734060186413,0.620960476004648,0.83916833961621,0.957672716894713,1.06520198379108,1.29061530896825,110.226403332455,1.00967592414913,-6.46212857853698,0.0922377052826436,0.883136124195283,-8.19066308914128,-7.05684477090992,-6.44994887344804,-5.85033072810035,-4.73050095770061,91.6723405120901,1.01445293443522,12.3912152104802,0.171062636651903,1.65935756352604,9.13700555376851,11.2337502282831,12.3612361406654,13.5384312446697,15.6121893445547,94.0956691623405,1.0142410000128,2.33230922548361,0.00331108570301914,0.0524188618240099,2.2270879608181,2.29743325844206,2.33285161614138,2.36748961997919,2.43429006921556,250.630736089775,1.01991248822414,TRUE,"",""
"46",2021-08-14,1.04850312249467,0.0138107963228224,0.157880321685844,0.726522658704398,0.945148272686915,1.05258479379906,1.15613770488171,1.3449252157802,130.682840081916,1.01221578288223,-6.29026808863795,0.0709601319445724,0.782066273096026,-7.77208307721492,-6.83412353280384,-6.30878975098795,-5.7788958784318,-4.68022687046427,121.466994476189,1.01766740182609,0.999996408769165,1.37567302482174e-06,2.68158181390996e-06,0.999989815136891,0.999994838039895,0.999997293811092,0.999998546248656,0.999999319354512,3.7997205745933,1.76713642840611,1.0485031224945,0.0138107963228202,0.157880321685818,0.72652265870428,0.945148272686761,1.05258479379889,1.15613770488152,1.34492521577998,130.682840081916,1.01221578288223,-6.29026808863795,0.0709601319445724,0.782066273096026,-7.77208307721493,-6.83412353280384,-6.30878975098794,-5.77889587843179,-4.68022687046426,121.466994476189,1.01766740182609,12.7435642730367,0.136087648495833,1.55616572829954,9.50008114008205,11.7410455765455,12.7894666445265,13.8291510233832,15.7364594296705,130.759807767979,1.01742873174402,2.40601829773396,0.00266346388022892,0.0433317949573901,2.31975539713692,2.37741208301391,2.40652998790693,2.43551412241343,2.4896182098712,264.67915267437,1.01419390614816,TRUE,"",""
